is:open label:{{param}},S-waiting-on-author,S-waiting-on-review,S-waiting-on-team,S-waiting-on-crater,S-waiting-on-bikeshed,S-blocked,S-waiting-on-bors,S-inactive
2025-02-23,232,302,26,0,0,72,19,0
2025-02-22,228,299,26,1,0,74,30,0
2025-02-21,228,307,25,0,0,74,32,0
2025-02-20,230,299,25,0,0,71,33,0
2025-02-19,229,309,26,0,0,69,29,0
2025-02-18,227,312,27,1,0,70,23,0
2025-02-17,230,312,27,1,0,71,19,0
2025-02-16,233,311,26,2,0,70,21,0
2025-02-15,231,304,26,2,0,68,22,0
2025-02-14,231,301,24,1,0,66,29,0
2025-02-13,231,308,24,1,0,65,22,0
2025-02-12,233,296,25,0,0,65,35,0
2025-02-11,231,299,28,1,0,65,28,0
2025-02-10,231,300,28,2,0,65,29,0
2025-02-09,230,294,28,0,0,65,31,0
2025-02-08,229,308,27,1,0,66,29,0
2025-02-07,227,298,26,2,0,67,38,0
2025-02-06,225,311,27,0,0,66,24,0
2025-02-05,230,309,28,0,0,65,18,0
2025-02-04,231,307,27,1,0,62,38,0
2025-02-03,230,304,26,0,0,61,32,0
2025-02-02,233,303,26,0,0,62,23,0
2025-02-01,234,293,26,1,0,63,27,0
2025-01-31,234,301,25,0,0,62,36,0
2025-01-30,228,301,25,1,0,62,24,0
2025-01-29,241,296,23,0,0,61,29,0
2025-01-28,238,297,23,0,0,61,19,0
2025-01-27,246,293,23,0,0,62,15,0
2025-01-26,245,282,24,1,0,63,31,0
2025-01-25,243,280,26,2,0,63,35,0
2025-01-24,243,279,24,4,0,63,35,0
2025-01-23,232,293,23,5,0,61,37,0
2025-01-22,236,291,23,3,0,60,28,0
2025-01-21,234,290,23,0,0,60,11,0
2025-01-20,234,290,23,1,0,60,16,0
2025-01-19,233,294,25,0,0,60,14,0
2025-01-18,228,288,26,1,0,60,17,0
2025-01-17,229,286,25,1,0,60,6,0
2025-01-16,229,288,25,0,0,60,13,0
2025-01-15,230,290,24,0,0,61,20,0
2025-01-14,232,293,27,0,0,62,18,0
2025-01-13,237,288,26,2,0,64,11,0
2025-01-12,234,289,24,2,0,63,10,0
2025-01-11,232,285,24,2,0,62,11,0
2025-01-10,229,288,24,0,0,61,12,0
2025-01-09,229,284,24,1,0,62,14,0
2025-01-08,226,285,25,1,0,60,21,0
2025-01-07,225,280,27,1,0,60,26,0
2025-01-06,230,282,27,2,0,61,11,0
2025-01-05,227,286,27,2,0,61,4,0
2025-01-04,222,299,27,0,0,60,18,0
2025-01-03,228,289,26,0,0,60,7,0
2025-01-02,227,279,26,0,0,60,3,0
2025-01-01,231,277,26,1,0,61,20,0
2024-12-31,232,282,26,0,0,61,11,0
2024-12-30,232,278,25,0,0,58,9,0
2024-12-29,230,280,25,0,0,57,6,0
2024-12-28,233,274,25,0,0,58,7,0
2024-12-27,227,290,23,0,0,58,11,0
2024-12-26,227,290,22,0,0,58,2,0
2024-12-25,225,283,22,1,0,58,3,0
2024-12-24,226,271,22,2,0,58,9,0
2024-12-23,227,273,22,0,0,59,13,0
2024-12-22,230,270,22,1,0,58,15,0
2024-12-21,230,265,19,1,0,60,14,0
2024-12-20,229,269,19,0,0,59,15,0
2024-12-19,224,262,22,1,0,59,19,0
2024-12-18,229,270,22,2,0,59,14,0
2024-12-17,223,266,22,3,0,57,17,0
2024-12-16,217,267,22,4,0,57,10,0
2024-12-15,220,263,22,4,0,58,18,0
2024-12-14,216,272,20,3,0,58,36,0
2024-12-13,213,264,20,1,0,59,24,0
2024-12-12,212,274,19,0,0,59,20,0
2024-12-11,214,275,19,1,0,59,21,0
2024-12-10,213,267,18,0,0,59,37,0
2024-12-09,208,273,18,1,0,58,25,0
2024-12-08,208,268,18,1,0,58,20,0
2024-12-07,210,261,17,2,0,58,23,0
2024-12-06,205,266,19,2,0,57,23,0
2024-12-05,206,257,19,4,0,57,18,0
2024-12-04,208,255,19,2,0,57,20,0
2024-12-03,215,254,19,1,0,58,20,0
2024-12-02,220,252,19,2,0,59,12,0
2024-12-01,223,245,19,2,0,59,19,0
2024-11-30,225,255,19,1,0,60,21,0
2024-11-29,223,259,19,4,0,62,19,0
2024-11-28,222,261,19,3,0,62,19,0
2024-11-27,216,264,19,2,0,61,31,0
2024-11-26,218,255,21,3,0,62,41,0
2024-11-25,218,257,21,3,0,61,23,0
2024-11-24,222,260,20,5,0,61,10,0
2024-11-23,218,253,20,1,0,61,22,0
2024-11-22,221,250,20,1,0,61,19,0
2024-11-21,216,268,16,0,0,63,17,0
2024-11-20,211,272,17,0,0,64,15,0
2024-11-19,209,278,17,0,0,63,13,0
2024-11-18,214,274,17,1,0,64,7,0
2024-11-17,215,274,17,1,0,62,14,0
2024-11-16,218,268,18,1,0,61,8,0
2024-11-15,218,276,18,0,0,59,9,0
2024-11-14,219,276,18,0,0,59,23,0
2024-11-13,219,273,18,0,0,58,16,0
2024-11-12,220,277,19,0,0,58,22,0
2024-11-11,228,291,18,0,0,58,5,0
2024-11-10,228,286,18,0,0,60,6,0
2024-11-09,226,291,19,2,0,60,7,0
2024-11-08,225,284,18,2,0,61,14,0
2024-11-07,224,294,18,1,0,58,1,0
2024-11-06,224,286,18,1,0,58,17,0
2024-11-05,224,283,19,1,0,58,14,0
2024-11-04,220,296,18,1,0,57,11,0
2024-11-03,214,302,18,1,0,56,16,0
2024-11-02,216,293,17,1,0,55,12,0
2024-11-01,217,285,17,2,0,55,14,0
2024-10-31,221,275,20,2,0,57,14,0
2024-10-30,222,276,20,2,0,55,9,0
2024-10-29,224,271,20,2,0,54,24,0
2024-10-28,230,274,21,1,0,52,3,0
2024-10-27,223,275,21,1,0,52,4,0
2024-10-26,223,278,20,0,0,52,3,0
2024-10-25,227,262,21,0,0,52,11,0
2024-10-24,223,278,21,0,0,52,16,0
2024-10-23,225,287,20,0,0,52,8,0
2024-10-22,227,288,21,0,0,52,6,0
2024-10-21,228,294,21,0,0,52,4,0
2024-10-20,230,292,22,0,0,52,18,0
2024-10-19,227,298,21,1,0,52,8,0
2024-10-18,223,301,23,1,0,52,6,0
2024-10-17,224,290,23,1,0,53,5,0
2024-10-14,230,288,23,0,0,55,25,0
2024-10-13,227,294,23,0,0,54,26,0
2024-10-12,230,299,24,0,0,51,19,0
2024-10-11,226,308,25,0,0,52,5,0
2024-10-10,225,309,25,0,0,52,18,0
2024-10-09,223,299,23,1,0,52,6,0
2024-10-08,228,291,23,0,0,54,12,0
2024-10-07,232,286,22,1,0,54,7,0
2024-10-06,244,281,21,1,0,55,9,0
2024-10-05,244,277,21,1,0,55,23,0
2024-10-04,241,284,21,2,0,55,11,0
2024-10-03,240,280,21,2,0,56,6,0
2024-10-02,237,269,21,1,0,58,7,0
2024-10-01,246,273,22,0,0,58,7,0
2024-09-30,249,273,23,0,0,58,3,0
2024-09-29,251,265,23,1,0,56,7,0
2024-09-28,254,261,23,2,0,57,12,0
2024-09-27,258,254,23,1,0,59,23,0
2024-09-26,258,248,24,4,0,59,7,0
2024-09-25,253,252,24,2,0,60,10,0
2024-09-24,254,251,26,2,0,58,11,0
2024-09-23,258,246,26,3,0,59,15,0
2024-09-22,255,252,25,3,0,59,8,0
2024-09-21,255,254,26,4,0,60,8,0
2024-09-20,255,253,26,4,0,58,5,1
2024-09-19,256,245,25,4,0,59,17,1
2024-09-18,257,251,26,5,0,60,7,1
2024-09-17,258,253,26,5,0,57,4,1
2024-09-16,260,252,26,4,0,58,10,1
2024-09-15,257,253,25,4,0,59,9,1
2024-09-14,252,263,24,3,0,59,7,1
2024-09-13,249,265,24,3,0,59,6,1
2024-09-12,255,265,23,2,0,62,17,1
2024-09-11,254,269,23,1,0,63,7,1
2024-09-10,256,268,21,1,0,63,18,1
2024-09-09,256,266,21,1,0,63,22,2
2024-09-08,254,257,21,3,0,63,32,2
2024-09-07,250,264,21,2,0,62,25,2
2024-09-06,255,252,21,2,0,62,36,2
2024-09-05,256,252,21,2,0,63,53,2
2024-09-04,253,280,23,4,0,61,26,2
2024-09-03,259,269,24,2,0,61,38,2
2024-09-02,256,277,25,2,0,61,23,2
2024-09-01,258,267,25,6,0,60,19,2
2024-08-31,254,275,24,8,0,63,38,2
2024-08-30,253,276,25,8,0,60,22,2
2024-08-29,249,264,27,9,0,60,23,2
2024-08-28,255,260,26,8,0,59,15,2
2024-08-27,261,254,25,9,0,58,26,2
2024-08-26,259,256,25,7,0,58,22,1
2024-08-25,255,262,25,5,0,58,33,0
2024-08-24,248,253,25,7,0,59,14,0
2024-08-23,252,245,26,4,0,55,21,0
2024-08-22,249,244,27,6,0,53,18,0
2024-08-21,248,253,25,5,0,50,23,0
2024-08-20,244,252,24,3,0,50,8,0
2024-08-19,246,257,25,3,0,49,16,0
2024-08-18,251,260,25,3,0,49,5,0
2024-08-17,249,254,23,3,0,50,7,0
2024-08-16,258,251,23,2,0,51,14,0
2024-08-15,262,258,23,2,0,52,19,0
2024-08-14,253,282,20,2,0,53,20,0
2024-08-13,255,271,20,3,0,54,20,0
2024-08-12,255,275,20,2,0,53,15,0
2024-08-11,256,265,19,4,0,53,17,0
2024-08-10,254,267,18,4,0,53,12,0
2024-08-09,257,263,18,4,0,54,19,0
2024-08-08,261,266,17,4,0,54,14,0
2024-08-07,265,270,17,3,0,58,35,1
2024-08-06,265,279,17,3,0,55,19,1
2024-08-05,263,276,17,4,0,55,24,1
2024-08-04,263,270,18,3,0,55,17,1
2024-08-03,267,271,18,3,0,55,14,1
2024-08-02,259,259,18,3,0,55,21,1
2024-08-01,266,256,18,3,0,55,30,1
2024-07-31,268,255,18,2,0,57,18,1
2024-07-30,269,261,18,0,0,61,10,1
2024-07-29,271,258,19,2,0,60,11,1
2024-07-28,268,263,19,2,0,60,11,1
2024-07-27,267,264,20,3,0,61,13,1
2024-07-26,279,252,21,3,0,60,20,1
2024-07-25,278,256,21,3,0,62,21,1
2024-07-24,280,255,23,3,0,63,17,1
2024-07-23,281,256,22,4,0,63,8,1
2024-07-22,286,253,23,4,0,63,21,1
2024-07-21,287,249,22,5,0,63,24,1
2024-07-20,287,258,22,4,0,63,20,1
2024-07-19,284,262,22,5,0,63,27,1
2024-07-18,289,276,22,4,0,62,16,0
2024-07-17,285,274,22,6,0,65,14,0
2024-07-16,281,280,23,5,0,68,9,0
2024-07-15,289,275,23,2,0,67,4,0
2024-07-14,279,278,24,2,0,66,16,0
2024-07-13,285,276,24,0,0,65,18,0
2024-07-12,276,290,25,0,0,66,21,0
2024-07-11,279,287,25,1,0,65,4,1
2024-07-10,284,278,27,1,0,66,11,1
2024-07-09,276,277,26,0,0,66,5,1
2024-07-08,279,273,25,0,0,67,13,1
2024-07-07,288,280,25,0,0,65,3,1
2024-07-06,283,283,25,0,0,65,13,1
2024-07-05,280,260,25,0,0,68,7,1
2024-07-04,279,257,26,0,0,67,16,0
2024-07-03,275,259,25,0,0,67,22,1
2024-07-02,279,266,25,1,0,68,8,1
2024-07-01,280,263,25,1,0,68,13,0
2024-06-30,276,254,26,2,0,68,25,0
2024-06-29,272,266,25,2,0,68,32,0
2024-06-28,270,262,24,3,0,69,22,0
2024-06-27,266,255,24,2,0,69,12,0
2024-06-26,266,254,23,2,0,69,22,0
2024-06-25,272,241,22,1,0,69,17,0
2024-06-24,276,252,22,1,0,70,9,0
2024-06-23,278,264,21,1,0,68,0,0
2024-06-22,277,261,21,2,0,66,9,0
2024-06-21,274,248,21,1,0,68,14,0
2024-06-20,267,265,20,1,0,68,11,0
2024-06-19,265,254,20,1,0,69,22,0
2024-06-18,269,259,21,2,0,69,7,0
2024-06-17,277,249,21,1,0,68,8,0
2024-06-16,263,258,21,2,0,69,6,0
2024-06-15,263,263,21,2,0,69,20,0
2024-06-14,258,263,21,0,0,68,30,0
2024-06-13,257,264,22,0,0,69,13,0
2024-06-12,262,259,22,1,0,68,16,0
2024-06-11,256,258,23,1,0,71,8,0
2024-06-10,255,264,23,0,0,71,2,0
2024-06-09,253,272,23,1,0,70,5,0
2024-06-08,257,260,23,1,0,67,10,0
2024-06-07,251,266,23,2,0,68,24,0
2024-06-06,249,258,23,1,0,64,18,0
2024-06-05,250,261,22,2,0,64,21,0
2024-06-04,250,262,22,1,0,64,29,0
2024-06-03,251,266,23,2,0,64,3,0
2024-06-02,251,270,23,2,0,63,6,0
2024-06-01,249,267,21,4,0,63,5,0
2024-05-31,250,272,21,4,0,62,4,0
2024-05-30,247,260,21,4,0,64,14,0
2024-05-29,245,255,21,2,0,64,11,0
2024-05-28,245,246,21,4,0,63,7,0
2024-05-27,251,239,21,3,0,64,17,0
2024-05-26,256,246,22,4,0,64,21,1
2024-05-25,251,258,23,5,0,64,8,1
2024-05-24,246,249,23,4,0,64,10,1
2024-05-23,250,252,23,5,0,62,15,1
2024-05-22,245,259,23,5,0,63,8,1
2024-05-21,238,269,24,3,0,62,19,1
2024-05-20,240,271,24,1,0,64,11,1
2024-05-19,240,278,24,2,0,66,5,1
2024-05-18,237,282,25,2,0,66,7,1
2024-05-17,240,264,25,3,0,66,8,1
2024-05-16,242,262,25,4,0,65,4,1
2024-05-15,240,264,27,3,0,66,5,1
2024-05-14,246,260,26,3,0,66,8,1
2024-05-13,244,253,25,3,0,67,1,1
2024-05-12,247,250,26,3,0,69,3,1
2024-05-11,243,249,26,4,0,70,7,1
2024-05-10,238,250,25,4,0,70,12,1
2024-05-09,235,256,25,5,0,69,6,1
2024-05-08,238,255,25,4,0,69,5,1
2024-05-07,240,253,25,4,0,67,2,1
2024-05-06,236,247,25,5,0,68,8,1
2024-05-05,236,235,26,3,0,69,12,1
2024-05-04,234,246,25,3,0,68,13,1
2024-05-03,231,257,25,2,0,68,14,1
2024-05-02,226,266,26,3,0,68,4,1
2024-05-01,231,263,26,3,0,67,1,1
2024-04-30,234,261,28,3,0,65,8,1
2024-04-29,233,253,28,4,0,64,1,1
2024-04-28,233,240,28,4,0,64,12,1
2024-04-27,230,252,28,5,0,63,7,1
2024-04-26,230,246,28,5,0,63,5,1
2024-04-25,229,247,28,4,0,62,10,1
2024-04-24,235,246,28,2,0,62,7,1
2024-04-23,229,253,29,1,0,61,19,1
2024-04-22,231,255,29,2,0,61,4,1
2024-04-21,237,245,29,2,0,61,18,0
2024-04-20,237,256,29,2,0,60,4,0
2024-04-19,236,250,28,3,0,61,13,0
2024-04-18,232,252,28,2,0,60,12,0
2024-04-17,236,246,27,2,0,61,20,0
2024-04-16,241,257,27,4,0,62,13,0
2024-04-15,241,268,27,1,0,64,4,0
2024-04-14,258,249,27,2,0,65,14,0
2024-04-13,253,262,27,2,0,65,12,0
2024-04-12,250,277,27,2,0,65,9,0
2024-04-11,253,262,26,0,0,65,14,0
2024-04-10,253,260,26,0,0,65,14,0
2024-04-09,254,262,25,1,0,65,15,0
2024-04-08,255,273,26,1,0,63,2,0
2024-04-07,252,267,26,2,0,64,13,0
2024-04-06,252,249,26,1,0,64,16,0
2024-04-05,247,257,26,2,0,65,17,0
2024-04-04,250,267,26,2,0,65,8,0
2024-04-03,254,270,26,1,0,65,8,0
2024-04-02,257,258,30,2,0,65,4,0
2024-04-01,258,249,31,2,0,64,1,0
2024-03-31,259,242,31,3,0,64,5,0
2024-03-30,253,239,30,3,0,61,7,0
2024-03-29,252,229,30,4,0,60,8,0
2024-03-28,251,234,29,4,0,60,15,0
2024-03-27,251,241,30,4,0,61,22,0
2024-03-26,249,249,29,4,1,58,18,0
2024-03-25,253,248,28,3,1,58,19,0
2024-03-24,250,241,27,4,1,58,27,0
2024-03-23,257,244,26,4,1,59,20,0
2024-03-22,258,242,26,3,1,59,19,0
2024-03-21,260,249,23,4,1,58,15,0
2024-03-20,264,233,23,5,1,57,12,0
2024-03-19,274,234,21,3,1,56,7,0
2024-03-18,272,248,21,3,1,55,7,0
2024-03-17,273,234,21,3,1,53,19,0
2024-03-16,274,241,21,4,1,53,6,0
2024-03-15,276,234,22,5,1,53,20,0
2024-03-14,275,237,20,4,1,52,30,0
2024-03-13,281,231,20,5,1,52,17,0
2024-03-12,280,218,20,7,1,52,20,0
2024-03-11,277,241,21,5,2,51,26,0
2024-03-10,268,238,21,5,2,53,28,0
2024-03-09,264,245,21,5,2,53,22,0
2024-03-08,261,237,23,6,1,53,40,0
2024-03-07,262,249,22,7,1,54,41,0
2024-03-06,267,239,22,7,0,55,41,0
2024-03-05,262,253,22,8,0,55,24,0
2024-03-04,260,275,22,5,0,52,12,0
2024-03-03,265,266,22,6,0,52,11,0
2024-03-02,266,252,22,6,0,51,30,0
2024-03-01,255,270,20,6,0,51,21,0
2024-02-29,256,278,20,6,0,52,18,0
2024-02-28,252,269,21,7,0,52,17,0
2024-02-27,249,261,23,6,0,52,6,0
2024-02-26,248,258,24,7,0,51,3,0
2024-02-25,253,241,24,7,0,52,20,0
2024-02-24,249,253,24,4,0,51,3,0
2024-02-23,255,239,24,4,0,52,11,0
2024-02-22,251,239,23,3,0,52,16,0
2024-02-21,251,238,23,3,0,54,20,0
2024-02-20,249,239,24,5,0,56,19,0
2024-02-19,248,238,25,2,0,56,17,0
2024-02-18,242,251,25,3,0,54,14,0
2024-02-17,246,249,25,3,0,53,16,0
2024-02-16,249,239,25,2,0,54,26,0
2024-02-15,249,257,22,2,0,54,19,0
2024-02-14,246,254,24,1,0,53,27,0
2024-02-13,249,253,25,1,0,53,28,0
2024-02-12,253,260,24,1,0,53,24,0
2024-02-11,257,267,23,1,0,55,23,0
2024-02-10,263,268,23,2,0,55,19,0
2024-02-09,267,265,23,1,0,54,24,0
2024-02-08,274,265,20,1,0,56,24,0
2024-02-07,272,263,20,1,0,56,35,0
2024-02-06,274,259,20,0,0,56,35,0
2024-02-05,262,269,19,0,0,54,59,0
2024-02-04,263,276,19,0,0,54,69,0
2024-02-03,262,275,19,0,0,52,57,0
2024-02-02,263,272,19,1,0,51,40,0
2024-02-01,259,280,18,1,0,51,21,0
2024-01-31,255,280,20,2,0,52,19,0
2024-01-30,265,273,20,2,0,53,32,0
2024-01-29,262,283,18,0,0,53,26,0
2024-01-28,265,273,17,1,0,52,19,0
2024-01-27,263,280,17,1,0,51,29,0
2024-01-26,266,280,17,0,0,51,20,0
2024-01-25,259,290,16,1,0,51,25,0
2024-01-24,250,292,16,1,0,52,25,0
2024-01-23,247,289,18,4,0,52,23,0
2024-01-22,256,304,19,1,0,52,41,0
2024-01-21,256,315,20,2,0,55,19,0
2024-01-20,249,333,18,2,0,55,31,1
2024-01-19,250,332,17,3,0,54,35,1
2024-01-18,254,333,16,1,0,57,26,1
2024-01-17,250,328,17,4,0,57,18,1
2024-01-16,251,334,18,1,0,58,15,1
2024-01-15,252,334,18,2,0,57,12,1
2024-01-14,252,332,18,3,0,56,2,1
2024-01-13,254,321,18,3,0,57,9,1
2024-01-12,246,324,17,3,0,57,9,1
2024-01-11,246,325,17,2,0,56,18,1
2024-01-10,248,318,17,2,0,54,10,1
2024-01-09,246,321,18,1,0,53,34,1
2024-01-08,251,334,18,0,0,54,13,1
2024-01-07,252,330,18,0,0,53,11,1
2024-01-06,253,328,18,0,0,54,16,1
2024-01-05,256,313,18,0,0,53,33,1
2024-01-04,256,319,17,0,0,54,34,1
2024-01-03,262,320,17,0,0,54,34,1
2024-01-02,264,324,17,0,0,54,18,1
2024-01-01,263,322,17,1,0,54,9,1
2023-12-31,260,319,16,1,0,54,3,1
2023-12-30,260,305,16,1,0,54,14,1
2023-12-29,258,313,16,1,0,54,5,1
2023-12-28,256,305,15,0,0,54,5,1
2023-12-27,254,294,16,3,0,54,3,1
2023-12-26,254,296,16,1,0,54,11,1
2023-12-25,249,304,16,3,0,53,3,1
2023-12-24,253,301,16,3,0,53,6,1
2023-12-23,251,301,16,3,0,53,10,1
2023-12-22,249,294,16,4,0,55,7,1
2023-12-21,247,290,16,4,0,55,9,1
2023-12-20,249,284,17,5,0,52,16,1
2023-12-19,248,281,19,6,0,51,6,1
2023-12-18,251,273,17,6,0,49,6,1
2023-12-17,250,280,17,7,0,50,7,1
2023-12-16,250,280,15,7,0,51,6,1
2023-12-15,250,284,15,7,0,51,7,1
2023-12-14,248,287,16,6,0,51,5,1
2023-12-13,248,288,16,4,0,51,16,1
2023-12-12,244,285,16,3,0,51,9,1
2023-12-11,244,296,17,0,0,52,2,1
2023-12-10,249,287,16,1,0,53,7,1
2023-12-09,244,293,14,4,0,54,20,1
2023-12-08,243,306,14,4,0,53,16,1
2023-12-07,243,306,15,0,0,55,10,1
2023-12-06,242,303,16,0,0,55,18,1
2023-12-05,241,311,15,1,0,55,14,1
2023-12-04,240,310,15,1,0,55,3,1
2023-12-03,242,312,15,0,0,55,5,1
2023-12-02,241,308,15,0,0,55,5,1
2023-12-01,239,302,14,2,0,55,5,1
2023-11-30,242,290,15,3,0,55,11,1
2023-11-29,242,288,15,2,0,55,27,1
2023-11-28,241,299,15,1,0,57,17,1
2023-11-27,240,293,15,1,0,58,8,1
2023-11-26,242,281,15,2,0,57,14,1
2023-11-25,244,299,15,1,0,57,9,1
2023-11-24,242,292,14,2,0,57,4,1
2023-11-23,240,284,14,2,0,57,6,1
2023-11-22,242,281,14,2,0,56,15,1
2023-11-21,238,286,14,2,0,56,20,1
2023-11-20,241,282,14,1,0,56,15,1
2023-11-19,240,290,14,2,0,56,6,1
2023-11-18,236,295,13,3,0,56,14,1
2023-11-17,234,305,13,2,0,56,12,1
2023-11-16,234,298,12,2,0,57,1,1
2023-11-15,230,290,12,2,0,58,9,1
2023-11-14,231,284,12,2,0,59,5,1
2023-11-13,232,291,12,1,0,59,1,1
2023-11-12,236,277,12,2,0,60,0,1
2023-11-11,237,264,12,3,0,59,1,1
2023-11-10,241,257,12,3,0,58,8,1
2023-11-09,241,253,12,3,0,59,9,1
2023-11-08,239,263,13,2,0,59,9,1
2023-11-07,243,255,14,1,0,56,5,1
2023-11-06,245,267,14,1,0,56,6,1
2023-11-05,245,267,14,1,0,57,10,1
2023-11-04,238,279,12,1,0,57,5,1
2023-11-03,245,268,12,1,0,56,8,1
2023-11-02,252,265,11,1,0,56,6,1
2023-11-01,254,266,11,1,0,55,15,1
2023-10-31,252,270,13,3,0,55,3,1
2023-10-30,256,273,12,5,0,55,6,1
2023-10-29,256,267,12,4,0,55,13,1
2023-10-28,255,265,13,5,0,55,12,1
2023-10-27,258,273,11,6,0,55,7,1
2023-10-26,258,278,10,5,0,55,3,1
2023-10-25,254,278,9,5,0,55,8,1
2023-10-24,258,264,10,6,0,56,17,1
2023-10-23,262,277,10,4,0,55,10,1
2023-10-22,261,277,9,5,0,55,9,1
2023-10-21,264,287,9,4,0,54,8,1
2023-10-20,265,283,9,3,0,54,4,1
2023-10-19,264,268,9,2,0,52,14,1
2023-10-18,266,264,9,2,0,53,8,1
2023-10-17,268,259,11,4,0,53,10,1
2023-10-16,265,251,11,3,0,53,7,1
2023-10-15,268,263,11,3,0,51,12,1
2023-10-14,267,269,11,1,0,53,13,1
2023-10-13,267,271,11,1,0,52,7,1
2023-10-12,264,279,10,1,0,54,4,1
2023-10-11,265,283,10,1,0,55,5,1
2023-10-10,262,292,12,0,0,55,4,1
2023-10-09,266,277,12,1,0,54,7,1
2023-10-08,265,277,12,1,0,53,6,2
2023-10-07,256,292,12,1,0,55,8,1
2023-10-06,257,296,11,0,0,55,4,1
2023-10-05,246,309,11,0,0,55,8,1
2023-10-04,242,311,11,1,0,55,5,1
2023-10-03,246,304,12,0,0,55,9,1
2023-10-02,249,299,12,0,0,55,3,1
2023-10-01,260,294,12,1,0,54,6,1
2023-09-30,257,295,11,0,0,54,4,1
2023-09-29,262,291,12,0,0,52,13,1
2023-09-28,259,300,12,0,0,52,3,1
2023-09-27,255,306,11,0,0,51,5,1
2023-09-26,253,306,12,0,0,51,11,1
2023-09-25,253,299,12,0,0,51,6,1
2023-09-24,256,295,12,0,0,50,15,1
2023-09-23,253,292,12,0,0,50,5,1
2023-09-22,255,283,11,2,0,53,10,1
2023-09-21,252,288,11,3,0,53,6,1
2023-09-20,255,287,11,2,0,52,8,1
2023-09-19,260,289,11,1,0,51,14,1
2023-09-18,267,290,11,0,0,53,14,1
2023-09-17,264,296,10,0,0,54,17,1
2023-09-16,257,325,10,1,0,52,6,1
2023-09-15,257,321,11,0,0,52,1,1
2023-09-14,258,315,11,1,0,53,6,1
2023-09-13,259,319,11,1,0,52,4,1
2023-09-12,259,313,11,0,0,52,7,1
2023-09-11,262,320,11,1,0,53,8,1
2023-09-10,260,322,11,2,0,53,3,1
2023-09-09,257,316,11,2,0,53,6,1
2023-09-08,257,316,11,2,0,52,16,1
2023-09-07,261,312,11,2,0,52,6,1
2023-09-06,266,305,10,3,0,53,4,1
2023-09-05,263,306,9,2,0,53,9,1
2023-09-04,265,298,9,0,0,53,3,1
2023-09-03,267,295,9,0,0,53,3,1
2023-09-02,258,296,9,0,0,53,11,1
2023-09-01,255,298,8,0,0,58,0,1
2023-08-31,254,288,8,2,0,57,9,1
2023-08-30,257,291,8,1,0,57,4,1
2023-08-29,256,291,8,1,0,57,5,1
2023-08-28,253,297,8,0,0,56,6,1
2023-08-27,260,285,8,0,0,56,11,1
2023-08-26,260,291,8,1,0,57,3,1
2023-08-25,262,279,8,1,0,56,17,1
2023-08-24,254,287,8,0,0,53,8,1
2023-08-23,257,289,8,0,0,54,9,1
2023-08-22,257,282,9,0,0,54,3,1
2023-08-21,269,270,9,1,0,54,2,1
2023-08-20,269,266,9,4,0,54,20,1
2023-08-19,271,263,9,2,0,54,12,1
2023-08-18,267,267,9,3,0,53,9,1
2023-08-17,265,268,9,3,0,53,6,1
2023-08-16,267,269,8,3,0,53,8,1
2023-08-15,271,281,7,1,0,54,4,1
2023-08-14,269,273,8,1,0,55,3,1
2023-08-13,269,282,7,0,0,52,8,1
2023-08-12,269,278,7,0,0,52,10,1
2023-08-11,263,289,7,2,0,51,14,1
2023-08-10,258,287,7,3,0,51,16,1
2023-08-09,262,285,7,4,0,52,20,1
2023-08-08,265,280,8,4,0,52,15,1
2023-08-07,267,292,8,2,0,52,19,1
2023-08-06,267,296,8,0,0,52,7,1
2023-08-05,270,285,8,0,0,51,6,1
2023-08-04,276,278,8,0,0,52,16,1
2023-08-03,275,286,8,0,0,53,7,1
2023-08-02,275,284,10,2,0,52,9,1
2023-08-01,276,279,10,1,0,51,22,1
2023-07-31,266,311,10,1,0,52,8,1
2023-07-30,270,321,10,0,0,54,5,1
2023-07-28,275,312,8,1,0,55,3,1
2023-07-27,275,307,8,1,0,55,11,1
2023-07-26,263,328,8,1,0,56,10,1
2023-07-25,263,330,8,0,0,54,5,1
2023-07-24,263,318,7,1,0,54,0,1
2023-07-23,262,320,7,2,0,53,2,1
2023-07-22,262,312,8,1,0,52,13,1
2023-07-21,268,310,8,3,0,52,11,1
2023-07-20,268,314,8,3,0,52,9,1
2023-07-19,266,324,8,1,0,50,8,1
2023-07-18,273,325,8,0,0,51,8,1
2023-07-17,282,320,8,0,0,51,11,2
2023-07-16,282,316,8,2,0,50,5,2
2023-07-15,281,306,8,2,0,49,10,2
2023-07-14,287,301,8,1,0,49,10,3
2023-07-13,279,305,9,0,0,49,12,3
2023-07-12,280,304,9,1,0,49,4,3
2023-07-11,276,298,10,0,0,49,14,3
2023-07-10,273,297,10,0,0,49,2,3
2023-07-09,274,296,10,0,0,49,9,3
2023-07-08,271,300,10,2,0,51,20,3
2023-07-07,269,297,10,2,0,51,15,3
2023-07-06,265,303,10,2,0,51,9,3
2023-07-05,271,294,10,2,0,50,14,3
2023-07-04,264,289,13,0,0,52,7,3
2023-07-03,258,293,13,0,0,53,6,3
2023-07-02,258,289,13,3,0,53,12,3
2023-07-01,257,284,13,2,0,53,21,3
2023-06-30,259,282,13,0,0,53,17,3
2023-06-29,254,283,13,2,0,53,16,3
2023-06-28,258,280,13,2,0,52,10,3
2023-06-27,265,286,12,3,0,53,7,3
2023-06-26,263,282,12,2,0,53,4,3
2023-06-25,268,279,11,5,0,54,8,3
2023-06-24,262,291,11,2,0,53,8,3
2023-06-23,260,286,10,3,0,53,12,3
2023-06-22,255,281,10,4,0,53,9,3
2023-06-21,253,282,9,2,0,53,11,3
2023-06-20,253,283,11,2,0,53,13,3
2023-06-19,266,276,11,2,0,53,11,3
2023-06-18,262,272,11,4,0,53,11,3
2023-06-17,269,275,11,4,0,54,20,3
2023-06-16,260,273,11,3,0,54,24,3
2023-06-15,255,281,10,2,0,55,7,3
2023-06-14,256,282,10,0,0,55,8,3
2023-06-13,259,280,12,0,0,55,2,3
2023-06-12,260,274,13,0,0,56,1,3
2023-06-11,262,266,13,0,0,56,11,3
2023-06-10,255,271,13,0,0,57,8,3
2023-06-09,258,265,13,0,0,56,9,3
2023-06-08,253,273,13,0,0,56,12,3
2023-06-07,252,264,11,1,0,56,13,3
2023-06-06,254,257,17,3,0,57,20,3
2023-06-05,255,262,16,0,0,57,4,3
2023-06-04,257,251,16,0,0,57,14,3
2023-06-03,252,265,14,0,0,55,7,3
2023-06-02,254,258,14,1,0,56,20,3
2023-06-01,253,257,15,0,0,56,15,3
2023-05-31,252,257,15,1,0,58,17,3
2023-05-30,253,256,15,1,0,59,20,3
2023-05-29,247,264,15,0,0,59,10,3
2023-05-28,261,261,15,0,0,59,5,2
2023-05-27,264,264,16,0,0,59,17,2
2023-05-26,264,255,16,0,0,59,22,2
2023-05-25,270,252,16,0,0,59,16,2
2023-05-24,273,251,16,0,0,59,11,2
2023-05-23,271,257,16,1,0,59,7,2
2023-05-22,268,276,17,0,0,59,3,2
2023-05-21,269,268,17,0,0,59,9,3
2023-05-20,265,277,17,0,0,61,23,3
2023-05-19,267,278,17,0,0,62,16,3
2023-05-18,268,284,17,0,0,61,11,3
2023-05-17,273,283,16,1,0,61,13,2
2023-05-16,287,282,14,0,0,63,15,1
2023-05-15,296,275,14,0,0,62,13,1
2023-05-14,292,280,14,0,0,63,8,1
2023-05-13,296,280,14,0,0,62,11,1
2023-05-12,297,279,14,1,0,61,19,1
2023-05-11,297,285,12,0,0,60,12,1
2023-05-10,296,283,12,0,0,59,15,1
2023-05-09,298,287,15,0,0,57,15,1
2023-05-08,301,287,15,0,0,58,20,1
2023-05-07,306,291,14,0,0,58,24,1
2023-05-06,303,306,11,2,0,59,21,1
2023-05-05,300,311,11,1,0,59,17,1
2023-05-04,300,298,11,0,0,60,35,1
2023-05-03,288,309,11,1,0,58,28,1
2023-05-02,292,313,11,0,0,55,21,1
2023-05-01,286,319,10,0,0,55,16,1
2023-04-30,289,310,9,0,0,57,23,1
2023-04-29,284,316,9,0,0,59,30,1
2023-04-28,285,313,9,0,0,59,18,1
2023-04-27,284,323,9,0,1,59,13,1
2023-04-26,280,344,9,1,1,62,9,1
2023-04-25,273,338,9,0,1,62,13,1
2023-04-24,271,349,8,0,1,62,22,1
2023-04-23,272,353,8,0,1,63,12,1
2023-04-22,268,348,8,0,1,63,11,1
2023-04-21,269,347,7,0,1,63,11,1
2023-04-20,275,339,7,0,1,62,8,1
2023-04-19,271,334,7,0,1,62,10,1
2023-04-18,269,331,8,1,1,62,13,1
2023-04-17,267,343,8,0,1,62,10,1
2023-04-16,265,330,8,0,1,62,13,1
2023-04-15,262,326,8,0,1,65,5,1
2023-04-14,268,323,7,0,1,66,13,1
2023-04-13,262,333,5,0,1,65,20,1
2023-04-12,263,332,5,0,1,64,32,1
2023-04-11,263,333,5,1,1,65,20,1
2023-04-10,268,339,5,0,1,63,16,1
2023-04-09,262,356,3,0,1,64,10,1
2023-04-08,262,352,3,0,1,65,10,1
2023-04-07,266,336,3,0,1,65,13,1
2023-04-06,271,333,3,0,1,61,18,1
2023-04-05,260,354,5,0,1,61,4,1
2023-04-04,260,351,5,0,1,61,12,1
2023-04-03,260,342,5,0,1,62,11,1
2023-04-02,258,349,5,0,1,62,6,1
2023-04-01,257,344,5,0,1,63,3,1
2023-03-31,249,352,5,0,1,63,14,1
2023-03-30,250,340,5,0,1,64,16,1
2023-03-29,251,350,5,0,1,64,13,1
2023-03-28,257,352,5,1,1,64,15,1
2023-03-27,262,356,5,0,1,62,14,1
2023-03-26,259,363,4,0,1,62,6,1
2023-03-25,259,348,4,0,1,62,14,1
2023-03-24,258,348,4,1,1,62,22,1
2023-03-23,258,350,4,0,1,65,40,1
2023-03-22,244,360,4,0,1,66,36,1
2023-03-21,245,358,4,0,1,64,37,1
2023-03-20,246,363,4,0,1,63,36,1
2023-03-19,253,355,5,0,1,63,29,1
2023-03-18,248,370,5,0,1,61,26,1
2023-03-17,247,376,5,0,1,62,18,1
2023-03-16,244,375,5,1,1,63,20,1
2023-03-15,247,366,6,0,1,61,13,1
2023-03-14,242,374,7,0,1,63,14,1
2023-03-13,241,365,7,0,1,62,7,1
2023-03-12,243,361,7,1,1,62,19,1
2023-03-11,244,351,7,2,1,62,49,1
2023-03-10,247,345,8,1,1,64,45,1
2023-03-09,249,347,9,2,1,63,42,1
2023-03-08,248,360,9,0,1,62,25,1
2023-03-07,247,353,9,2,1,62,27,1
2023-03-06,242,358,9,2,1,63,15,1
2023-03-05,246,351,9,0,1,63,19,1
2023-03-04,245,352,9,0,1,63,28,1
2023-03-03,252,347,9,0,1,63,22,1
2023-03-02,245,341,11,0,1,64,12,1
2023-03-01,245,331,11,0,1,64,30,1
2023-02-28,246,326,11,0,1,64,14,1
2023-02-27,248,330,10,0,1,65,24,1
2023-02-26,244,330,10,0,1,67,34,1
2023-02-25,239,339,10,0,1,68,28,1
2023-02-24,232,352,10,1,1,67,26,1
2023-02-23,243,353,10,0,1,66,15,1
2023-02-22,239,351,10,0,1,67,18,1
2023-02-21,235,348,10,1,1,67,16,1
2023-02-20,239,343,10,1,1,67,6,1
2023-02-19,241,343,10,1,1,70,11,1
2023-02-18,240,351,11,1,1,68,10,1
2023-02-17,241,340,11,0,1,69,20,1
2023-02-16,246,327,10,0,1,67,29,1
2023-02-15,239,334,10,0,1,68,22,1
2023-02-14,231,335,10,0,1,68,28,1
2023-02-13,231,342,10,0,1,68,14,1
2023-02-12,231,348,10,0,1,68,8,1
2023-02-11,230,340,10,1,1,70,19,1
2023-02-10,225,359,10,0,1,68,7,1
2023-02-09,225,357,11,0,1,70,14,1
2023-02-08,228,352,11,0,1,70,26,1
2023-02-07,228,357,11,0,1,69,14,1
2023-02-06,229,365,11,1,1,69,3,1
2023-02-05,229,353,11,1,1,69,2,1
2023-02-04,230,347,11,0,1,67,12,1
2023-02-03,234,335,11,1,1,68,13,1
2023-02-02,224,342,11,0,1,68,15,1
2023-02-01,221,337,11,0,1,66,24,1
2023-01-31,218,334,11,2,1,67,13,1
2023-01-30,223,329,11,1,1,67,12,1
2023-01-29,233,350,11,0,1,68,14,1
2023-01-28,230,346,12,0,1,68,28,1
2023-01-27,229,358,11,1,1,69,18,1
2023-01-26,230,364,11,1,1,67,42,1
2023-01-25,227,368,10,2,1,67,47,1
2023-01-24,226,367,11,1,1,67,22,1
2023-01-23,233,369,10,0,1,69,21,1
2023-01-22,236,361,10,1,1,69,31,1
2023-01-21,229,370,10,1,1,65,26,1
2023-01-20,232,361,10,0,1,64,25,1
2023-01-19,235,369,9,0,1,64,16,1
2023-01-18,230,373,9,0,1,64,16,1
2023-01-17,233,367,10,0,1,63,9,2
2023-01-16,236,361,10,0,1,62,10,1
2023-01-15,244,337,9,1,1,62,16,1
2023-01-14,233,356,8,2,1,62,16,1
2023-01-13,228,363,8,1,1,60,22,1
2023-01-12,232,354,8,2,1,59,32,1
2023-01-11,225,354,8,1,1,60,45,1
2023-01-10,220,374,9,0,1,59,28,1
2023-01-09,218,390,8,0,1,57,13,1
2023-01-08,220,380,8,0,1,57,25,1
2023-01-07,223,394,9,0,1,56,11,1
2023-01-06,221,390,9,0,1,57,9,1
2023-01-05,218,385,8,0,1,57,16,1
2023-01-04,217,381,8,0,1,57,19,1
2023-01-03,210,378,8,0,1,58,20,1
2023-01-02,207,389,8,0,1,56,3,1
2023-01-01,216,381,8,0,1,57,6,1
2022-12-31,217,380,8,0,1,57,11,1
2022-12-30,214,381,8,0,1,57,5,1
2022-12-29,212,372,7,0,1,58,24,1
2022-12-28,207,389,6,0,1,57,16,1
2022-12-27,212,394,6,0,1,56,6,1
2022-12-26,210,396,6,0,1,55,7,1
2022-12-25,203,407,6,0,1,55,2,1
2022-12-24,203,399,6,2,1,55,15,1
2022-12-23,201,402,6,1,1,55,12,1
2022-12-22,201,404,6,0,1,55,20,1
2022-12-21,200,399,6,0,1,54,15,1
2022-12-20,199,399,7,0,1,55,14,1
2022-12-19,198,390,7,0,1,54,19,1
2022-12-18,201,395,7,0,1,54,16,1
2022-12-17,202,388,7,0,1,52,11,1
2022-12-16,199,393,8,0,1,52,14,1
2022-12-15,198,386,11,1,1,53,19,1
2022-12-14,198,388,13,2,1,52,26,1
2022-12-13,199,396,12,1,1,50,16,1
2022-12-12,202,380,11,1,1,50,12,1
2022-12-11,203,373,11,0,1,47,17,1
2022-12-10,201,374,11,2,1,46,30,1
2022-12-09,207,367,11,1,1,47,36,1
2022-12-08,201,376,11,1,1,47,18,1
2022-12-07,205,370,11,0,1,47,15,1
2022-12-06,203,362,11,0,1,47,35,1
2022-12-05,200,375,11,0,1,47,4,1
2022-12-04,199,368,11,0,1,48,19,1
2022-12-03,200,373,10,0,1,48,14,1
2022-12-02,202,366,10,1,1,48,10,1
2022-12-01,200,356,10,2,1,48,16,1
2022-11-30,203,357,9,0,1,50,25,1
2022-11-29,197,364,9,0,1,49,19,1
2022-11-28,199,370,9,0,1,47,12,1
2022-11-27,221,362,15,0,1,56,10,0
2022-11-26,221,348,14,0,1,57,14,0
2022-11-25,221,333,13,0,1,56,25,0
2022-11-24,215,333,13,1,1,58,22,0
2022-11-23,223,330,13,0,1,59,25,0
2022-11-22,222,332,13,0,1,58,34,0
2022-11-21,224,350,13,1,1,59,20,0
2022-11-20,222,360,14,0,1,59,15,0
2022-11-19,220,348,14,1,1,59,39,0
2022-11-18,219,356,14,1,1,59,42,0
2022-11-17,223,347,14,1,1,59,25,0
2022-11-16,225,335,14,1,1,58,33,0
2022-11-15,225,337,17,0,1,57,48,0
2022-11-14,232,351,16,0,1,58,17,0
2022-11-13,224,356,15,0,1,59,12,0
2022-11-12,224,347,15,2,1,58,21,0
2022-11-11,223,356,15,1,1,58,21,0
2022-11-10,215,365,16,2,1,59,31,0
2022-11-09,217,358,14,2,1,59,43,0
2022-11-08,217,364,14,3,1,59,28,0
2022-11-07,213,365,14,0,1,59,27,0
2022-11-06,213,374,14,0,1,59,10,0
2022-11-05,219,360,15,0,1,58,20,0
2022-11-04,217,355,15,1,1,57,32,0
2022-11-03,219,353,17,1,1,57,17,0
2022-11-02,218,342,16,0,1,57,20,0
2022-11-01,219,339,16,1,1,56,30,0
2022-10-31,220,341,16,0,1,56,26,0
2022-10-30,221,334,16,1,1,56,34,0
2022-10-29,220,328,17,1,1,56,35,0
2022-10-28,217,327,16,1,1,56,45,0
2022-10-27,214,334,16,0,1,56,36,0
2022-10-26,211,331,15,0,1,56,32,0
2022-10-25,212,317,15,0,1,56,38,0
2022-10-24,216,321,15,0,1,56,34,0
2022-10-23,215,325,15,0,1,55,34,0
2022-10-22,214,323,16,1,1,55,36,0
2022-10-21,217,320,15,0,1,55,26,0
2022-10-20,217,318,15,0,1,55,22,0
2022-10-19,216,319,16,0,1,54,24,0
2022-10-18,214,327,18,0,2,53,10,0
2022-10-17,212,325,18,1,2,51,7,0
2022-10-16,208,319,16,0,2,51,12,0
2022-10-15,210,315,16,1,2,50,23,0
2022-10-14,216,315,15,0,2,49,20,0
2022-10-13,209,320,14,1,2,50,16,0
2022-10-12,210,308,14,2,2,50,22,0
2022-10-11,212,324,15,1,2,50,18,0
2022-10-10,213,309,15,3,2,49,24,0
2022-10-09,208,311,15,3,2,49,26,0
2022-10-08,201,340,13,3,2,49,17,0
2022-10-07,205,332,14,2,2,50,16,0
2022-10-06,201,340,14,1,2,51,9,0
2022-10-05,200,337,14,0,2,51,7,0
2022-10-04,196,336,15,1,2,53,11,0
2022-10-03,197,345,15,2,2,53,5,0
2022-10-02,202,328,15,0,2,54,15,0
2022-10-01,202,337,15,1,2,54,13,0
2022-09-30,204,342,14,1,2,54,7,0
2022-09-29,206,327,14,0,2,52,19,1
2022-09-28,205,326,13,1,2,50,17,1
2022-09-27,204,318,13,1,2,51,7,1
2022-09-26,205,316,13,0,2,50,5,1
2022-09-25,205,308,13,0,2,49,14,1
2022-09-24,204,311,13,0,2,49,21,1
2022-09-23,206,296,13,1,2,50,34,1
2022-09-22,213,309,14,1,2,51,28,1
2022-09-21,206,312,14,1,2,51,18,1
2022-09-20,207,306,15,1,2,52,22,1
2022-09-19,205,311,15,1,2,50,9,1
2022-09-18,206,303,15,0,2,50,16,1
2022-09-17,202,310,15,0,2,50,24,1
2022-09-16,205,309,15,0,2,49,17,1
2022-09-15,204,300,15,1,2,50,21,1
2022-09-14,200,293,15,3,2,50,12,1
2022-09-13,202,291,15,4,2,50,18,1
2022-09-12,203,307,15,1,2,47,4,1
2022-09-11,208,299,14,1,2,45,2,1
2022-09-10,213,300,14,2,2,46,13,1
2022-09-09,211,297,14,1,2,46,18,1
2022-09-08,213,298,14,1,2,46,16,1
2022-09-07,211,308,14,0,2,47,17,1
2022-09-06,213,309,14,1,2,45,13,1
2022-09-05,213,303,14,0,2,45,10,1
2022-09-04,206,303,14,1,2,45,12,0
2022-09-03,210,289,14,0,2,45,18,0
2022-09-02,208,277,14,0,2,46,40,0
2022-09-01,201,288,14,0,2,46,24,0
2022-08-31,205,287,14,0,2,46,41,0
2022-08-30,210,295,14,0,2,47,33,0
2022-08-29,207,296,14,0,2,47,36,0
2022-08-28,211,299,14,1,2,46,39,0
2022-08-27,201,304,14,0,2,47,60,0
2022-08-26,200,306,14,1,2,48,56,0
2022-08-25,204,307,14,0,2,49,50,0
2022-08-24,207,312,14,0,2,48,41,0
2022-08-23,203,318,15,1,2,48,36,0
2022-08-22,202,336,15,0,2,50,30,0
2022-08-21,203,329,15,0,2,51,33,0
2022-08-20,196,340,13,1,2,50,38,0
2022-08-19,196,333,13,1,2,51,33,0
2022-08-18,205,327,14,0,2,50,27,0
2022-08-17,203,329,13,0,2,50,16,0
2022-08-16,209,322,13,1,2,50,9,0
2022-08-15,209,312,13,0,2,50,12,0
2022-08-14,207,307,13,1,2,50,36,0
2022-08-13,218,292,13,0,2,49,22,0
2022-08-12,214,288,12,1,2,49,23,0
2022-08-11,213,293,12,3,2,48,30,0
2022-08-10,214,293,13,3,2,47,36,0
2022-08-09,211,299,13,3,2,47,19,0
2022-08-08,214,297,13,3,2,47,6,0
2022-08-07,212,296,12,4,2,47,9,0
2022-08-06,206,295,12,5,2,46,10,0
2022-08-05,205,294,12,5,2,46,8,0
2022-08-04,201,300,12,5,2,45,25,0
2022-08-03,202,295,12,4,2,45,15,0
2022-08-02,197,294,12,4,2,44,15,0
2022-08-01,196,292,13,4,2,44,16,0
2022-07-31,190,296,11,5,2,43,11,0
2022-07-30,196,284,12,5,2,45,25,0
2022-07-29,198,280,12,4,2,44,20,0
2022-07-28,199,281,12,2,2,44,14,0
2022-07-27,198,276,14,1,2,45,24,0
2022-07-26,196,271,13,2,2,46,28,0
2022-07-25,200,272,12,2,2,47,15,0
2022-07-24,189,309,11,3,2,48,13,0
2022-07-23,190,316,11,4,2,49,13,0
2022-07-22,188,307,12,4,2,50,15,0
2022-07-21,187,309,11,4,2,51,13,0
2022-07-20,193,297,14,4,2,52,15,0
2022-07-19,190,288,14,4,2,51,29,0
2022-07-18,189,290,14,4,2,50,21,0
2022-07-17,191,283,14,4,2,50,22,0
2022-07-16,193,274,13,3,2,49,24,0
2022-07-15,195,275,13,3,2,51,23,0
2022-07-14,189,288,13,1,2,52,14,0
2022-07-13,199,288,14,0,2,55,20,0
2022-07-12,199,286,14,0,2,55,23,0
2022-07-11,199,296,14,0,2,56,13,0
2022-07-10,203,290,15,0,2,56,12,0
2022-07-09,205,282,14,0,2,54,20,0
2022-07-08,211,273,14,1,2,53,21,0
2022-07-07,210,277,14,1,2,54,23,0
2022-07-06,213,287,15,2,3,52,17,0
2022-07-05,209,287,15,2,3,54,27,0
2022-07-04,208,292,15,1,3,54,19,0
2022-07-03,201,285,16,0,3,54,17,0
2022-07-02,196,281,16,1,3,52,28,0
2022-07-01,200,271,16,1,3,53,40,0
2022-06-30,189,283,15,1,3,53,22,0
2022-06-29,187,281,15,1,3,53,28,0
2022-06-28,187,272,15,1,3,53,40,0
2022-06-27,192,272,14,0,3,53,22,0
2022-06-26,181,277,12,0,3,52,34,0
2022-06-25,179,259,12,2,3,52,43,0
2022-06-24,178,261,12,3,3,51,56,0
2022-06-23,178,265,12,2,3,53,35,0
2022-06-22,182,270,14,2,3,54,23,0
2022-06-21,178,281,14,3,3,54,16,0
2022-06-20,180,289,14,3,3,53,9,0
2022-06-19,183,289,14,3,3,53,14,0
2022-06-18,179,301,14,4,3,53,9,0
2022-06-17,181,297,14,4,3,54,8,0
2022-06-16,184,296,13,4,2,53,13,0
2022-06-15,184,292,13,3,2,53,13,0
2022-06-14,186,284,13,5,2,52,12,0
2022-06-13,188,286,13,5,2,52,4,0
2022-06-12,189,290,12,4,2,52,4,0
2022-06-11,190,289,12,4,2,52,16,0
2022-06-10,192,277,12,4,2,52,11,0
2022-06-09,189,272,12,3,2,52,22,0
2022-06-08,191,278,12,3,2,54,14,0
2022-06-07,191,269,13,3,2,54,10,0
2022-06-06,187,274,12,3,2,54,13,0
2022-06-05,184,271,12,4,2,54,12,0
2022-06-04,188,267,12,4,2,55,16,0
2022-06-03,192,257,12,4,2,58,14,0
2022-06-02,187,268,11,4,2,55,16,0
2022-06-01,185,282,11,4,2,55,12,0
2022-05-31,185,279,11,4,2,56,14,0
2022-05-30,188,280,11,4,2,56,8,0
2022-05-29,187,263,12,4,2,57,14,1
2022-05-28,184,266,12,4,2,58,14,1
2022-05-27,185,270,12,3,2,56,5,1
2022-05-26,187,262,12,4,2,56,7,0
2022-05-25,188,269,12,4,2,55,11,0
2022-05-24,188,269,12,3,2,55,6,0
2022-05-23,186,270,12,3,2,54,4,0
2022-05-22,195,254,13,3,2,54,10,0
2022-05-21,194,259,13,3,2,53,10,0
2022-05-20,198,254,13,3,2,53,15,0
2022-05-19,194,250,13,3,2,53,14,0
2022-05-18,192,251,13,1,2,52,17,0
2022-05-17,191,253,13,0,2,53,11,0
2022-05-16,193,253,13,0,2,52,2,0
2022-05-15,187,262,13,0,2,53,7,0
2022-05-14,184,260,13,0,2,54,11,0
2022-05-13,186,259,13,1,2,53,9,0
2022-05-12,188,260,13,0,2,51,5,0
2022-05-11,186,258,13,1,2,51,11,0
2022-05-10,182,259,13,1,2,53,11,0
2022-05-09,186,253,13,1,1,52,6,0
2022-05-08,192,247,12,1,1,48,20,0
2022-05-07,188,269,13,1,1,47,11,0
2022-05-06,186,266,14,2,1,47,14,0
2022-05-05,189,266,13,2,1,47,16,0
2022-05-04,189,261,14,2,1,47,18,0
2022-05-03,184,260,16,1,1,48,15,0
2022-05-02,183,258,16,1,1,48,12,0
2022-05-01,181,260,17,0,1,49,3,0
2022-04-30,180,252,17,1,1,49,9,0
2022-04-29,180,247,16,1,1,53,12,0
2022-04-28,174,244,15,1,1,52,21,0
2022-04-27,183,240,15,1,1,52,10,0
2022-04-26,185,238,15,1,1,50,14,0
2022-04-25,179,242,15,1,1,49,11,0
2022-04-24,168,267,14,2,1,48,2,0
2022-04-23,179,260,14,2,1,45,6,0
2022-04-22,177,263,13,1,1,46,6,0
2022-04-21,180,252,14,2,1,46,14,0
2022-04-20,177,254,15,2,1,46,21,0
2022-04-19,181,260,15,2,1,45,8,0
2022-04-18,185,250,14,2,1,46,17,0
2022-04-17,188,237,14,2,1,49,25,0
2022-04-16,180,252,13,2,1,49,32,0
2022-04-15,178,252,13,2,1,49,37,0
2022-04-14,174,268,13,2,1,49,11,0
2022-04-13,173,264,15,2,1,49,18,0
2022-04-12,175,269,15,2,1,49,11,0
2022-04-11,180,268,15,2,1,49,17,0
2022-04-10,179,260,15,2,1,50,15,0
2022-04-09,180,258,15,2,1,48,24,0
2022-04-08,183,257,15,2,1,47,14,0
2022-04-07,181,262,14,2,1,45,10,0
2022-04-06,169,268,15,2,1,45,15,0
2022-04-05,173,259,15,4,1,47,15,0
2022-04-04,177,258,15,4,1,47,4,0
2022-04-03,171,267,15,3,1,47,2,0
2022-04-02,173,257,15,2,1,47,13,0
2022-04-01,170,255,15,2,1,47,14,0
2022-03-31,169,258,14,1,1,48,18,0
2022-03-30,176,263,13,0,1,47,4,0
2022-03-29,174,259,14,0,1,47,2,0
2022-03-28,173,273,14,0,1,44,2,0
2022-03-27,175,253,14,2,1,45,7,0
2022-03-26,176,242,14,1,1,44,5,0
2022-03-25,171,240,14,2,1,44,8,0
2022-03-24,169,249,15,2,1,42,7,0
2022-03-23,172,246,15,2,1,42,7,0
2022-03-22,178,235,15,2,1,42,6,0
2022-03-21,181,231,15,2,1,41,2,0
2022-03-20,189,230,15,2,1,41,14,0
2022-03-19,191,219,15,2,1,41,23,0
2022-03-18,183,236,15,2,1,42,19,0
2022-03-17,184,235,15,1,1,42,8,0
2022-03-16,185,224,15,0,1,42,4,0
2022-03-15,186,216,15,0,1,42,12,0
2022-03-14,186,219,15,1,1,42,4,0
2022-03-13,181,235,15,1,1,41,4,0
2022-03-12,179,235,15,1,1,41,4,0
2022-03-11,177,236,15,0,1,39,10,0
2022-03-10,178,229,15,0,1,40,17,0
2022-03-09,167,258,15,0,1,43,7,0
2022-03-08,168,251,15,0,1,44,7,0
2022-03-07,168,251,15,1,1,44,6,0
2022-03-06,172,248,15,1,1,44,3,0
2022-03-05,171,244,15,1,1,44,13,0
2022-03-04,173,230,15,1,1,44,24,0
2022-03-03,174,251,14,1,2,44,16,0
2022-03-02,165,257,14,1,2,41,17,0
2022-03-01,166,251,14,1,2,43,11,0
2022-02-28,166,261,13,0,2,42,12,0
2022-02-27,169,262,13,0,2,41,14,0
2022-02-26,168,266,13,1,2,44,8,0
2022-02-25,169,271,13,1,2,44,17,0
2022-02-24,167,277,13,0,2,44,20,0
2022-02-23,169,270,14,0,2,45,16,0
2022-02-22,172,264,13,0,2,45,25,0
2022-02-21,171,269,13,1,2,42,15,0
2022-02-20,169,264,13,1,2,42,32,0
2022-02-19,174,264,13,2,2,38,41,0
2022-02-18,175,266,13,2,2,38,40,0
2022-02-17,166,284,13,1,2,38,23,0
2022-02-16,173,293,14,0,2,40,7,0
2022-02-15,177,283,14,0,2,40,13,0
2022-02-14,178,289,15,0,2,42,2,0
2022-02-13,177,276,15,0,2,44,17,0
2022-02-12,176,277,15,0,2,45,29,0
2022-02-11,170,284,15,1,2,47,27,0
2022-02-10,174,285,15,1,2,45,17,0
2022-02-09,175,284,15,1,2,45,22,0
2022-02-08,174,280,15,0,2,45,20,0
2022-02-07,172,285,16,0,2,47,21,0
2022-02-06,176,282,16,1,2,45,19,0
2022-02-05,175,284,16,1,2,45,17,0
2022-02-04,176,289,16,1,2,45,7,0
2022-02-03,176,283,16,1,2,45,9,0
2022-02-02,174,282,15,2,2,44,13,0
2022-02-01,177,274,16,2,2,44,20,0
2022-01-31,170,285,16,2,2,46,19,0
2022-01-30,181,291,15,2,2,46,16,1
2022-01-29,181,287,12,2,2,46,29,1
2022-01-28,178,285,12,2,2,44,20,1
2022-01-27,178,279,11,2,2,44,11,1
2022-01-26,179,280,12,1,2,44,8,1
2022-01-25,178,277,12,0,2,44,14,1
2022-01-24,179,272,12,0,2,43,21,1
2022-01-23,177,279,12,0,2,42,19,1
2022-01-22,173,276,12,2,2,42,29,1
2022-01-21,173,276,12,2,2,42,35,1
2022-01-20,174,281,12,2,2,42,30,1
2022-01-19,181,271,12,2,2,41,31,1
2022-01-18,187,270,12,2,2,43,43,1
2022-01-17,185,288,12,3,2,44,27,1
2022-01-16,181,299,12,3,2,43,22,1
2022-01-15,181,289,12,3,2,43,35,1
2022-01-14,179,285,12,3,2,44,46,1
2022-01-13,180,281,12,3,2,44,35,1
2022-01-12,181,275,12,3,2,45,40,1
2022-01-11,185,270,12,2,2,46,28,1
2022-01-10,173,277,12,2,2,49,17,1
2022-01-09,174,270,12,2,2,50,22,1
2022-01-08,172,273,12,3,2,50,27,1
2022-01-07,176,269,12,3,2,49,27,1
2022-01-06,179,274,12,1,2,47,16,1
2022-01-05,177,280,12,1,2,45,19,1
2022-01-04,180,285,12,2,2,46,10,1
2022-01-03,175,286,12,2,2,46,4,1
2022-01-02,178,282,13,2,2,46,12,1
2022-01-01,180,289,13,1,2,46,15,1
2021-12-31,179,293,13,1,2,47,8,1
2021-12-30,184,285,14,1,2,47,6,1
2021-12-29,183,261,14,1,2,47,17,1
2021-12-28,180,259,13,1,2,47,21,1
2021-12-27,182,255,13,1,2,47,7,1
2021-12-26,182,253,13,0,2,44,0,1
2021-12-25,182,248,13,0,2,44,3,1
2021-12-24,182,240,13,0,2,42,2,1
2021-12-23,182,232,13,0,2,43,14,1
2021-12-22,175,236,14,0,2,44,1,1
2021-12-21,173,225,14,0,2,44,10,1
2021-12-20,174,217,13,1,2,46,3,1
2021-12-19,175,210,13,1,2,47,21,1
2021-12-18,174,214,14,1,2,43,35,1
2021-12-17,177,212,13,1,2,41,23,1
2021-12-16,180,219,13,1,2,40,16,1
2021-12-15,175,220,13,0,2,41,35,1
2021-12-14,171,220,14,0,2,42,10,1
2021-12-13,166,210,14,0,2,41,19,1
2021-12-12,163,211,14,0,2,40,29,1
2021-12-11,166,200,14,0,2,40,59,1
2021-12-10,166,211,14,0,2,42,33,1
2021-12-09,169,224,14,0,2,42,20,1
2021-12-08,168,214,14,1,2,42,30,1
2021-12-07,173,226,14,1,2,42,14,1
2021-12-06,170,231,14,1,2,41,10,1
2021-12-05,175,221,14,1,2,41,13,0
2021-12-04,177,215,14,1,2,40,11,0
2021-12-03,174,216,14,1,2,42,27,0
2021-12-02,173,227,13,2,2,43,11,0
2021-12-01,170,226,14,2,2,43,19,0
2021-11-30,171,228,14,3,2,40,20,0
2021-11-29,172,231,14,3,2,40,11,0
2021-11-28,177,217,14,3,2,40,7,0
2021-11-27,176,215,14,3,2,39,21,0
2021-11-26,177,211,14,3,2,39,10,0
2021-11-25,169,210,14,3,2,41,19,0
2021-11-24,168,205,14,3,2,38,14,0
2021-11-23,173,214,14,1,2,38,10,0
2021-11-22,175,210,14,1,2,38,9,0
2021-11-21,179,204,14,1,2,39,15,0
2021-11-20,178,204,14,0,2,38,21,0
2021-11-19,176,209,14,0,2,37,18,0
2021-11-18,173,216,14,0,2,39,12,0
2021-11-17,178,215,14,0,2,38,21,0
2021-11-16,173,214,14,0,3,38,29,0
2021-11-15,174,226,13,0,3,38,12,0
2021-11-14,172,231,13,0,3,37,10,0
2021-11-13,176,225,13,0,3,36,3,0
2021-11-12,175,216,13,0,3,36,9,0
2021-11-11,176,207,15,0,3,36,14,0
2021-11-10,176,206,15,0,3,35,9,0
2021-11-09,165,228,15,0,3,34,17,0
2021-11-08,170,223,15,0,3,33,6,1
2021-11-07,172,222,14,1,3,33,9,1
2021-11-06,173,222,14,1,3,33,10,1
2021-11-05,170,211,14,1,3,32,16,1
2021-11-04,169,211,14,0,3,31,3,1
2021-11-03,167,201,14,0,3,31,11,1
2021-11-02,171,192,14,0,3,32,11,1
2021-11-01,168,198,14,0,3,32,10,1
2021-10-31,168,189,12,0,3,32,19,1
2021-10-30,168,206,13,0,3,32,13,1
2021-10-29,170,207,13,0,3,32,7,1
2021-10-28,167,204,13,0,3,32,0,1
2021-10-27,170,197,15,0,3,33,5,1
2021-10-26,170,196,14,0,3,33,10,1
2021-10-25,171,190,14,0,3,34,10,1
2021-10-24,169,195,14,0,3,34,10,1
2021-10-23,169,195,14,0,3,35,21,1
2021-10-22,165,192,14,0,3,36,31,1
2021-10-21,152,219,12,0,3,34,28,1
2021-10-20,152,219,12,0,3,33,19,1
2021-10-19,149,214,13,0,3,33,19,0
2021-10-18,149,214,12,0,3,32,13,0
2021-10-17,149,221,12,0,3,32,12,0
2021-10-16,147,210,11,0,2,32,20,0
2021-10-15,152,205,11,0,2,33,15,0
2021-10-14,153,198,11,0,2,33,12,0
2021-10-13,156,197,11,0,2,32,12,0
2021-10-12,155,191,11,0,2,32,18,0
2021-10-11,153,195,10,0,2,31,10,0
2021-10-10,156,186,11,1,2,31,13,0
2021-10-09,149,201,10,1,2,32,13,0
2021-10-08,148,203,10,1,2,33,18,0
2021-10-07,151,202,11,0,2,33,12,0
2021-10-06,147,207,11,0,3,29,25,0
2021-10-05,143,203,11,0,3,31,43,0
2021-10-04,127,246,12,0,2,31,36,0
2021-10-03,128,267,10,0,2,32,12,0
2021-10-02,124,264,10,0,2,32,14,0
2021-10-01,125,252,10,0,2,32,28,0
2021-09-30,123,252,10,0,2,32,36,0
2021-09-29,127,254,10,0,2,32,27,0
2021-09-28,125,253,10,0,2,32,13,0
2021-09-27,126,255,10,0,2,31,8,0
2021-09-26,128,247,10,0,2,31,14,0
2021-09-25,129,241,10,0,2,33,19,0
2021-09-24,130,233,11,0,2,33,23,0
2021-09-23,127,243,11,0,2,32,15,0
2021-09-22,125,240,11,1,2,32,31,0
2021-09-21,125,234,11,1,2,33,29,0
2021-09-20,127,236,11,0,2,33,21,0
2021-09-19,130,232,11,0,2,32,30,0
2021-09-18,127,231,11,0,2,30,29,0
2021-09-17,130,244,10,0,2,29,34,0
2021-09-16,135,235,9,0,2,30,44,0
2021-09-15,134,242,9,0,2,31,17,0
2021-09-14,131,246,9,0,2,31,17,0
2021-09-13,127,257,9,0,2,32,10,0
2021-09-12,125,250,9,0,2,34,17,0
2021-09-11,124,245,9,0,2,33,39,0
2021-09-10,123,240,10,0,2,32,26,0
2021-09-09,119,240,10,0,2,32,19,0
2021-09-08,117,244,10,0,2,32,23,0
2021-09-07,118,239,11,0,2,32,15,0
2021-09-06,120,245,11,0,2,30,7,0
2021-09-05,120,243,11,0,2,30,8,0
2021-09-04,119,240,11,0,2,30,9,0
2021-09-03,116,245,11,0,2,30,14,0
2021-09-02,115,245,11,0,2,30,19,0
2021-09-01,115,248,11,0,2,29,19,0
2021-08-31,114,246,11,0,2,29,35,0
2021-08-30,113,255,11,0,2,29,7,0
2021-08-29,114,249,11,0,2,30,19,0
2021-08-28,115,241,11,0,2,32,17,0
2021-08-27,113,235,11,0,2,35,26,0
2021-08-26,110,241,12,1,2,37,16,0
2021-08-25,114,228,12,2,2,37,26,0
2021-08-24,113,231,12,1,2,37,11,0
2021-08-23,115,240,12,0,2,37,2,0
2021-08-22,112,232,12,0,2,37,24,0
2021-08-21,113,233,13,0,2,37,20,0
2021-08-20,109,230,13,0,2,35,19,0
2021-08-19,103,241,14,1,2,34,21,0
2021-08-18,107,239,14,0,2,34,14,0
2021-08-17,109,239,15,1,2,33,22,0
2021-08-16,118,234,17,1,2,34,14,0
2021-08-15,115,235,16,0,2,35,13,1
2021-08-14,120,244,16,0,2,35,3,1
2021-08-13,118,242,17,0,2,35,10,1
2021-08-12,121,230,17,2,2,33,12,1
2021-08-11,118,228,17,2,2,33,31,1
2021-08-10,119,229,17,1,2,33,16,1
2021-08-09,121,226,17,2,2,34,6,1
2021-08-08,121,227,17,2,2,34,6,1
2021-08-07,120,226,17,3,2,35,9,1
2021-08-06,120,227,16,3,2,34,15,1
2021-08-05,116,232,17,3,2,35,8,1
2021-08-04,119,228,18,3,2,35,12,1
2021-08-03,114,227,19,3,2,35,12,1
2021-08-02,115,236,18,3,2,35,20,1
2021-08-01,110,261,17,3,2,35,4,1
2021-07-31,107,255,18,3,2,36,7,0
2021-07-30,105,259,18,4,2,36,12,0
2021-07-29,104,246,18,3,2,37,21,0
2021-07-28,106,244,18,2,3,38,17,1
2021-07-27,108,251,18,2,3,37,14,1
2021-07-26,108,245,18,2,3,36,7,1
2021-07-25,112,232,18,4,3,39,7,1
2021-07-24,112,228,16,4,3,37,14,1
2021-07-23,117,241,15,4,3,38,17,1
2021-07-22,116,240,16,4,3,36,9,1
2021-07-21,116,237,17,4,3,36,16,1
2021-07-20,114,233,18,4,3,37,12,1
2021-07-19,118,230,18,3,3,36,12,1
2021-07-18,121,234,18,2,3,35,10,1
2021-07-17,126,235,17,2,3,33,8,2
2021-07-16,123,239,16,4,3,34,8,2
2021-07-15,122,234,15,4,3,34,7,2
2021-07-14,121,234,15,4,3,37,9,2
2021-07-13,119,241,15,3,2,36,17,2
2021-07-12,120,252,15,5,2,36,2,1
2021-07-11,122,254,13,3,2,34,6,1
2021-07-10,124,245,12,2,2,34,7,1
2021-07-09,121,247,13,3,2,32,6,1
2021-07-08,123,249,13,3,2,33,17,1
2021-07-07,125,241,17,2,2,33,13,1
2021-07-06,123,245,18,3,2,33,8,1
2021-07-05,131,250,17,2,2,33,13,1
2021-07-04,132,252,17,2,2,33,4,1
2021-07-03,131,249,18,1,2,33,6,1
2021-07-02,127,247,21,1,2,34,5,1
2021-07-01,129,245,21,1,2,36,17,1
2021-06-30,122,251,19,1,2,36,4,1
2021-06-29,118,250,19,1,3,36,14,1
2021-06-28,110,268,18,0,3,35,3,1
2021-06-27,111,260,19,0,3,36,1,1
2021-06-26,107,265,21,0,3,37,3,1
2021-06-25,105,268,21,0,3,37,8,1
2021-06-24,109,264,21,0,3,36,11,1
2021-06-23,110,269,21,0,2,36,9,1
2021-06-22,115,269,20,0,2,38,20,1
2021-06-21,111,290,19,1,2,36,12,1
2021-06-20,106,303,17,1,2,36,3,1
2021-06-19,107,294,17,1,2,36,14,0
2021-06-18,109,281,17,2,2,36,13,0
2021-06-17,106,286,17,2,2,36,17,0
2021-06-16,104,283,18,2,2,36,7,0
2021-06-15,106,277,18,3,2,36,12,0
2021-06-14,108,273,18,3,2,37,1,0
2021-06-13,109,258,18,3,2,37,2,0
2021-06-12,114,249,17,4,2,37,13,0
2021-06-11,116,241,17,4,2,36,8,0
2021-06-10,115,239,17,3,2,36,13,0
2021-06-09,115,241,17,4,2,36,15,0
2021-06-08,116,230,17,4,2,36,21,0
2021-06-07,114,233,17,4,2,37,18,0
2021-06-06,115,236,16,4,2,37,16,0
2021-06-05,112,248,15,5,2,35,8,0
2021-06-04,116,241,14,5,2,35,17,0
2021-06-03,117,230,14,5,2,35,23,0
2021-06-02,115,239,16,5,2,36,12,0
2021-06-01,111,227,16,5,2,37,8,0
2021-05-31,110,230,16,5,2,36,3,0
2021-05-30,111,225,16,5,2,37,14,0
2021-05-29,106,233,16,6,2,37,2,0
2021-05-28,106,223,17,6,2,38,4,0
2021-05-27,105,214,17,6,2,38,11,0
2021-05-26,100,219,14,6,2,38,22,0
2021-05-25,97,213,14,5,2,39,13,0
2021-05-24,103,206,15,5,2,40,2,0
2021-05-23,98,207,15,5,2,38,8,0
2021-05-22,97,211,14,5,2,38,4,0
2021-05-21,98,205,14,3,2,38,9,0
2021-05-20,105,190,14,3,2,38,17,0
2021-05-19,106,192,13,3,2,37,17,0
2021-05-18,110,201,13,3,2,36,14,0
2021-05-17,115,205,13,3,2,36,7,0
2021-05-16,110,202,13,2,2,36,5,0
2021-05-15,111,192,13,2,2,36,18,0
2021-05-14,104,195,13,2,2,36,11,0
2021-05-13,107,188,14,3,2,36,10,0
2021-05-12,108,201,16,3,1,35,5,0
2021-05-11,110,195,15,3,1,35,9,0
2021-05-10,107,206,15,3,1,35,4,0
2021-05-09,112,202,15,3,1,36,1,0
2021-05-08,110,194,15,2,1,36,10,0
2021-05-07,117,176,15,3,1,35,32,0
2021-05-06,111,189,16,3,1,34,22,0
2021-05-05,109,198,16,3,1,34,25,0
2021-05-04,104,200,16,2,1,33,17,0
2021-05-03,102,208,15,2,1,33,8,0
2021-05-02,102,201,15,3,1,34,8,0
2021-05-01,101,195,12,2,1,34,16,0
2021-04-30,105,183,14,2,1,35,20,0
2021-04-29,105,173,13,3,1,35,21,0
2021-04-28,100,189,14,3,1,34,7,0
2021-04-27,101,193,13,3,1,34,3,0
2021-04-26,104,189,13,4,1,34,12,0
2021-04-25,102,186,13,4,1,33,9,0
2021-04-24,98,185,11,4,1,34,20,0
2021-04-23,104,176,11,4,1,32,22,0
2021-04-22,105,170,11,5,1,31,32,0
2021-04-21,100,185,13,5,1,29,11,0
2021-04-20,102,188,13,5,1,29,3,0
2021-04-19,104,188,13,6,1,28,5,0
2021-04-18,94,188,13,6,1,29,4,0
2021-04-17,99,186,13,6,1,30,7,0
2021-04-16,103,187,13,6,1,29,3,0
2021-04-15,102,181,13,6,1,28,11,0
2021-04-14,98,191,13,5,0,29,0,0
2021-04-13,104,181,13,6,0,29,10,0
2021-04-12,105,185,13,6,0,30,12,0
2021-04-11,103,180,13,5,0,29,6,0
2021-04-10,104,170,12,5,0,29,3,0
2021-04-09,103,173,12,4,0,29,4,0
2021-04-08,103,175,14,4,0,30,7,0
2021-04-07,104,175,14,4,0,30,9,0
2021-04-06,104,171,14,5,0,31,18,0
2021-04-05,97,179,14,6,0,31,20,0
2021-04-04,100,191,15,6,0,30,17,1
2021-04-03,100,189,14,5,0,29,9,1
2021-04-02,106,195,14,4,0,28,13,1
2021-04-01,109,189,14,4,0,27,6,1
2021-03-31,108,183,14,4,0,27,8,1
2021-03-30,104,192,14,4,0,28,12,1
2021-03-29,106,189,13,4,0,30,2,1
2021-03-28,107,180,13,4,0,30,6,1
2021-03-27,103,182,13,4,0,33,15,1
2021-03-26,99,188,14,4,0,32,13,1
2021-03-25,95,185,14,3,0,32,17,1
2021-03-24,97,188,14,3,0,32,17,1
2021-03-23,95,187,14,4,0,31,13,1
2021-03-22,97,180,16,4,0,32,16,1
2021-03-21,92,186,17,3,0,31,8,1
2021-03-20,94,189,16,3,0,31,13,0
2021-03-19,95,196,16,2,0,32,18,0
2021-03-18,97,204,16,3,0,32,16,0
2021-03-17,98,205,16,3,0,31,19,0
2021-03-16,90,209,16,1,0,30,14,0
2021-03-15,93,207,16,1,0,30,13,0
2021-03-14,97,204,16,2,0,30,17,0
2021-03-13,101,203,17,2,0,27,12,0
2021-03-12,99,205,16,2,0,28,20,0
2021-03-11,101,204,16,2,0,29,7,0
2021-03-10,98,199,17,2,0,31,20,0
2021-03-09,97,204,18,2,0,31,27,0
2021-03-08,100,203,18,2,0,32,23,0
2021-03-07,93,204,18,3,0,30,26,0
2021-03-06,96,199,18,3,0,30,26,0
2021-03-05,99,201,18,3,0,29,26,0
2021-03-04,93,190,18,4,0,32,22,0
2021-03-03,91,201,18,4,0,33,19,0
2021-03-02,91,197,17,5,0,33,31,0
2021-03-01,96,239,16,4,0,34,3,0
2021-02-28,101,225,16,5,0,32,19,0
2021-02-27,99,225,16,4,0,32,24,0
2021-02-26,99,220,16,4,0,34,20,0
2021-02-25,99,218,16,3,0,34,36,0
2021-02-24,106,206,16,4,0,33,26,0
2021-02-23,112,206,15,4,0,37,38,0
2021-02-22,115,201,15,3,0,36,30,0
2021-02-21,115,199,15,2,0,35,37,0
2021-02-20,104,226,13,1,0,35,16,0
2021-02-19,107,225,13,1,0,35,14,0
2021-02-18,107,221,13,2,0,36,27,0
2021-02-17,113,210,17,2,1,36,25,0
2021-02-16,114,207,17,2,1,36,41,0
2021-02-15,119,199,17,0,1,35,38,0
2021-02-14,122,199,17,0,1,35,23,0
2021-02-13,122,211,17,0,1,34,23,0
2021-02-12,117,218,17,0,1,33,24,0
2021-02-11,122,205,17,1,1,33,19,0
2021-02-10,125,202,18,1,1,33,19,0
2021-02-09,128,198,18,1,1,32,17,0
2021-02-08,125,211,18,1,1,31,12,0
2021-02-07,123,216,19,0,1,31,10,0
2021-02-06,124,210,20,1,1,31,17,0
2021-02-05,126,204,20,1,1,32,37,0
2021-02-04,130,201,20,1,1,32,16,0
2021-02-03,132,203,20,1,1,32,21,0
2021-02-02,131,218,20,1,1,31,12,0
2021-02-01,129,222,20,2,1,32,24,0
2021-01-31,126,224,20,2,1,32,30,0
2021-01-30,126,221,20,2,1,32,32,0
2021-01-29,129,207,20,3,1,35,25,0
2021-01-28,125,204,21,2,1,35,26,0
2021-01-27,124,202,22,2,1,34,18,0
2021-01-26,121,204,22,3,1,34,25,0
2021-01-25,124,202,21,2,1,34,22,0
2021-01-24,110,213,20,2,1,34,11,0
2021-01-23,108,220,19,2,1,33,16,0
2021-01-22,109,224,19,3,0,34,11,0
2021-01-21,108,220,20,2,0,34,18,0
2021-01-20,109,212,20,2,0,34,14,0
2021-01-19,107,223,19,3,0,33,13,0
2021-01-18,105,218,19,2,0,33,18,0
2021-01-17,104,216,19,2,0,31,22,0
2021-01-16,101,233,19,3,0,30,17,0
2021-01-15,100,236,18,3,0,26,12,0
2021-01-14,98,245,18,3,0,26,23,0
2021-01-13,96,251,18,3,0,26,11,0
2021-01-12,101,252,18,2,0,26,21,0
2021-01-11,91,265,19,1,0,25,8,0
2021-01-10,90,252,19,1,0,27,17,0
2021-01-09,84,257,18,1,0,27,9,0
2021-01-08,85,255,18,1,0,27,10,0
2021-01-07,89,253,17,1,0,28,10,0
2021-01-06,88,253,17,1,0,27,3,0
2021-01-05,91,242,18,1,0,27,16,0
2021-01-04,90,246,18,2,0,28,5,0
2021-01-03,91,238,18,2,0,28,5,0
2021-01-02,93,234,18,2,0,27,9,0
2021-01-01,95,228,18,0,0,28,14,0
2020-12-31,88,229,19,0,0,28,9,0
2020-12-30,81,236,19,0,0,28,21,0
2020-12-29,79,237,18,0,0,29,19,0
2020-12-28,81,230,18,0,0,30,18,0
2020-12-27,81,229,18,0,0,29,13,0
2020-12-26,82,228,18,0,0,29,5,0
2020-12-25,83,226,18,1,0,28,20,0
2020-12-24,81,224,18,1,0,28,22,0
2020-12-23,79,227,17,1,0,29,30,0
2020-12-22,80,230,17,1,0,29,18,0
2020-12-21,78,232,18,0,0,28,20,0
2020-12-20,79,227,19,0,0,29,7,0
2020-12-19,80,223,19,0,0,28,9,0
2020-12-18,87,222,19,0,0,29,9,0
2020-12-17,90,216,20,1,0,29,16,0
2020-12-16,90,205,20,1,0,28,13,0
2020-12-15,90,216,20,1,0,28,7,0
2020-12-14,91,208,20,2,0,29,8,0
2020-12-13,89,201,20,2,0,29,20,0
2020-12-12,81,204,19,3,0,28,7,0
2020-12-11,80,208,18,3,0,28,16,0
2020-12-10,79,210,18,2,0,29,7,0
2020-12-09,80,212,18,2,0,29,13,0
2020-12-08,77,218,25,3,0,29,4,0
2020-12-07,75,214,25,3,0,28,2,0
2020-12-06,78,204,25,3,0,28,6,0
2020-12-05,78,191,25,3,0,28,3,0
2020-12-04,76,187,26,3,0,25,13,0
2020-12-03,82,183,26,3,0,24,9,0
2020-12-02,82,179,26,4,0,24,10,0
2020-12-01,84,171,28,4,0,25,16,0
2020-11-30,89,172,28,3,0,24,5,0
2020-11-29,89,180,28,3,0,23,12,0
2020-11-28,82,189,27,3,0,21,10,0
2020-11-27,86,188,27,2,0,20,4,0
2020-11-26,82,202,26,2,0,21,1,0
2020-11-25,84,185,27,3,0,22,6,0
2020-11-24,87,181,30,2,0,22,14,0
2020-11-23,89,170,31,3,0,23,22,0
2020-11-22,85,175,32,3,0,25,5,0
2020-11-21,89,169,32,2,0,23,12,0
2020-11-20,84,172,34,3,0,25,17,0
2020-11-19,81,173,36,3,0,26,21,0
2020-11-18,75,179,37,3,0,28,15,0
2020-11-17,83,182,38,2,0,26,28,0
2020-11-16,85,175,41,2,0,26,15,0
2020-11-15,88,175,39,1,0,24,32,0
2020-11-14,91,178,38,2,0,25,24,0
2020-11-13,95,183,35,2,0,23,25,0
2020-11-12,95,179,35,2,0,24,9,0
2020-11-11,87,180,36,2,0,25,30,0
2020-11-10,93,177,36,2,0,25,29,0
2020-11-09,99,180,35,2,0,25,25,0
2020-11-08,95,182,33,2,0,26,40,0
2020-11-07,98,177,31,3,0,24,32,0
2020-11-06,99,193,30,2,0,24,20,0
2020-11-05,89,202,30,3,0,23,21,0
2020-11-04,91,204,28,3,0,23,6,0
2020-11-03,88,206,27,3,0,22,19,0
2020-11-02,87,200,27,4,0,22,13,0
2020-11-01,90,201,26,4,0,21,14,0
2020-10-31,88,196,26,5,0,21,16,0
2020-10-30,90,194,24,5,0,20,14,0
2020-10-29,89,198,23,3,0,20,24,0
2020-10-28,94,190,23,4,0,22,22,0
2020-10-27,96,184,23,4,0,22,34,0
2020-10-26,96,195,23,4,0,23,21,0
2020-10-25,97,188,23,2,0,24,23,0
2020-10-24,93,189,22,1,0,24,44,0
2020-10-23,87,213,18,1,0,23,28,0
2020-10-22,90,209,18,1,0,21,30,0
2020-10-21,94,204,18,0,0,23,25,0
2020-10-20,95,203,18,0,0,23,19,0
2020-10-19,84,224,18,0,0,23,2,0
2020-10-18,85,213,18,0,0,23,2,0
2020-10-17,90,206,19,0,0,24,9,0
2020-10-16,87,220,17,0,0,22,28,0
2020-10-15,88,232,17,1,0,23,16,0
2020-10-14,91,229,17,1,0,23,10,0
2020-10-13,86,238,15,3,0,22,10,0
2020-10-12,83,235,15,3,0,22,13,0
2020-10-11,82,234,15,2,0,22,6,0
2020-10-10,79,232,15,3,0,21,9,0
2020-10-09,81,217,16,3,0,21,9,0
2020-10-08,78,215,12,4,0,17,7,0
2020-10-07,78,207,12,3,0,20,4,0
2020-10-06,83,193,12,3,0,18,27,0
2020-10-05,90,193,11,3,0,17,20,0
2020-10-04,91,200,11,2,0,19,21,0
2020-10-03,96,193,11,3,0,18,9,0
2020-10-02,96,194,11,3,0,17,22,0
2020-10-01,104,181,12,3,0,16,15,0
2020-09-30,94,186,13,4,0,17,23,0
2020-09-29,97,188,13,4,0,16,12,0
2020-09-28,97,190,13,4,0,16,5,0
2020-09-27,98,183,13,2,0,16,18,0
2020-09-26,94,184,14,2,0,15,24,0
2020-09-25,96,181,14,2,0,15,45,0
2020-09-24,92,187,14,1,0,15,27,0
2020-09-23,95,182,14,2,0,15,24,0
2020-09-22,96,178,14,2,0,15,23,0
2020-09-21,99,171,14,2,0,16,33,0
2020-09-20,103,176,14,2,0,15,49,0
2020-09-19,97,168,14,2,0,16,57,0
2020-09-17,93,171,14,3,0,16,15,0
2020-09-16,92,168,14,3,0,16,47,0
2020-09-15,89,181,13,2,0,17,21,0
2020-09-14,81,190,14,2,0,18,14,0
2020-09-13,75,197,14,2,0,17,16,0
2020-09-12,69,196,14,3,0,15,21,0
2020-09-11,71,205,14,3,0,14,12,0
2020-09-10,71,209,14,3,0,14,14,0
2020-09-09,70,210,14,4,0,13,22,0
2020-09-08,71,205,14,3,0,13,16,0
2020-09-07,72,198,14,4,0,13,33,0
2020-09-06,71,200,14,4,0,12,33,0
2020-09-05,71,184,14,4,0,13,43,0
2020-09-04,74,188,12,3,0,13,22,0
2020-09-03,71,193,12,3,0,14,14,0
2020-09-02,76,185,13,2,0,15,15,0
2020-09-01,77,184,14,2,0,15,16,0
2020-08-31,82,177,13,3,0,16,18,0
2020-08-30,75,168,13,3,0,18,31,0
2020-08-29,72,161,13,3,0,19,25,0
2020-08-28,72,160,13,3,0,19,25,0
2020-08-27,67,160,14,4,0,20,26,0
2020-08-26,68,150,14,4,0,20,24,0
2020-08-25,68,155,11,4,0,20,15,0
2020-08-24,72,154,11,5,0,20,17,0
2020-08-23,78,151,10,5,0,18,8,0
2020-08-22,73,159,10,4,0,15,17,0
2020-08-21,70,158,9,5,0,15,12,0
2020-08-20,69,163,9,6,0,15,7,0
2020-08-19,67,156,9,6,0,14,19,0
2020-08-18,60,172,9,6,0,14,17,0
2020-08-17,63,174,9,8,0,14,3,0
2020-08-16,62,178,8,6,0,16,6,0
2020-08-15,55,177,7,6,0,16,10,0
2020-08-14,63,177,7,7,0,14,19,0
2020-08-13,59,187,7,6,0,14,18,0
2020-08-12,61,180,7,6,0,14,16,0
2020-08-11,59,181,6,6,0,14,29,0
2020-08-10,59,188,6,6,0,14,15,0
2020-08-09,56,188,6,6,0,14,19,0
2020-08-08,57,191,5,7,0,17,10,0
2020-08-07,61,190,5,7,0,18,20,0
2020-08-06,56,192,5,7,0,17,7,0
2020-08-05,58,180,5,5,0,17,8,0
2020-08-04,56,162,6,5,0,19,12,0
2020-08-03,55,149,6,6,0,20,5,0
2020-08-02,54,152,6,6,0,20,9,0
2020-08-01,61,145,6,7,0,20,11,0
2020-07-31,63,136,6,8,0,20,4,0
2020-07-30,64,136,6,8,0,19,13,0
2020-07-29,64,140,5,8,0,19,11,0
2020-07-28,58,137,5,5,0,19,9,0
2020-07-27,57,135,5,7,0,17,9,0
2020-07-26,62,132,4,5,0,18,4,0
2020-07-25,62,126,4,5,0,18,4,0
2020-07-24,69,127,4,6,0,18,18,0
2020-07-23,70,120,4,6,0,19,21,0
2020-07-22,71,115,4,4,0,18,23,0
2020-07-21,72,115,5,5,0,18,21,0
2020-07-20,71,121,5,5,0,18,11,0
2020-07-19,74,110,5,6,0,18,11,0
2020-07-18,74,104,5,6,0,18,17,0
2020-07-17,77,116,6,3,0,19,14,0
2020-07-16,78,128,5,3,0,20,26,0
2020-07-15,73,136,7,3,0,19,8,0
2020-07-14,65,148,6,3,0,18,26,0
2020-07-13,62,139,6,3,0,18,26,0
2020-07-12,64,147,6,3,0,18,19,0
2020-07-11,61,149,7,3,0,18,29,0
2020-07-10,66,147,7,3,0,18,32,0
2020-07-09,66,148,8,3,0,17,17,0
2020-07-08,62,145,8,1,0,18,9,0
2020-07-07,63,140,8,2,0,18,17,0
2020-07-06,61,135,8,1,0,18,19,0
2020-07-05,61,132,8,0,0,18,9,0
2020-07-04,63,125,8,0,0,17,18,0
2020-07-03,63,119,8,1,0,18,14,0
2020-07-02,68,105,8,1,0,16,34,0
2020-07-01,66,108,8,2,0,17,38,0
2020-06-30,64,114,9,2,0,16,24,0
2020-06-29,63,110,9,5,0,15,19,0
2020-06-28,62,114,10,4,0,15,19,0
2020-06-27,65,100,9,4,0,16,25,0
2020-06-26,66,108,10,2,0,18,30,0
2020-06-25,66,115,9,3,0,19,17,0
2020-06-24,70,111,9,3,0,16,25,0
2020-06-23,64,114,8,2,0,17,28,0
2020-06-22,62,115,8,3,0,17,26,0
2020-06-21,63,114,7,2,0,18,23,0
2020-06-20,65,110,7,2,0,20,46,0
2020-06-19,63,121,9,2,0,23,67,0
2020-06-18,61,120,9,2,0,22,59,0
2020-06-17,60,112,9,3,0,21,51,0
2020-06-16,58,132,9,2,0,21,34,0
2020-06-15,62,133,9,1,0,21,37,0
2020-06-14,60,125,7,2,0,21,35,0
2020-06-13,60,122,7,2,0,22,35,0
2020-06-12,57,122,8,2,0,20,36,0
2020-06-11,62,128,7,2,0,21,49,0
2020-06-10,63,133,6,2,0,22,41,0
2020-06-09,69,131,5,2,0,22,33,0
2020-06-08,66,138,5,1,0,20,24,0
2020-06-07,65,139,5,0,0,22,25,0
2020-06-06,61,134,6,0,0,22,23,0
2020-06-05,58,133,6,0,0,23,22,0
2020-06-04,59,123,6,1,0,23,19,0
2020-06-03,64,120,5,1,0,23,19,0
2020-06-02,64,116,6,2,0,23,25,0
2020-06-01,62,114,6,2,0,23,24,0
2020-05-31,65,105,6,2,0,24,29,0
2020-05-30,64,103,4,2,0,25,46,0
2020-05-29,60,113,4,2,0,24,58,0
2020-05-28,59,121,4,2,0,22,26,0
2020-05-27,60,123,4,1,0,22,20,0
2020-05-26,62,119,4,0,0,22,16,0
2020-05-25,63,125,3,0,0,21,8,0
2020-05-24,59,115,3,0,0,22,16,0
2020-05-23,60,112,2,1,0,22,21,0
2020-05-22,60,123,1,1,0,20,24,0
2020-05-21,59,117,1,3,0,21,20,0
2020-05-20,60,110,3,3,0,22,15,0
2020-05-19,53,116,5,2,0,21,18,0
2020-05-18,58,118,3,2,0,21,7,0
2020-05-17,57,111,2,2,0,21,13,0
2020-05-16,58,101,2,3,0,20,27,0
2020-05-15,60,103,2,3,0,20,23,0
2020-05-14,62,101,3,3,0,20,35,0
2020-05-13,65,96,4,4,0,19,26,0
2020-05-12,64,96,3,4,0,18,31,0
2020-05-11,60,106,3,4,0,19,17,0
2020-05-10,53,107,3,5,1,18,17,0
2020-05-09,52,99,3,5,1,19,21,0
2020-05-08,49,109,3,6,1,19,14,0
2020-05-07,51,104,3,6,1,18,11,0
2020-05-06,54,101,3,5,1,18,18,0
2020-05-04,49,109,4,3,1,18,9,0
2020-05-03,50,102,3,4,1,17,17,0
2020-05-02,49,104,3,3,1,20,17,0
2020-05-01,50,95,3,2,1,20,11,0
2020-04-30,51,98,4,2,1,20,16,0
2020-04-29,52,95,5,2,1,21,14,0
2020-04-28,50,104,6,2,1,21,19,0
2020-04-27,52,101,6,3,1,21,15,0
2020-04-26,55,100,7,3,1,22,12,0
2020-04-25,55,96,7,3,1,22,23,0
2020-04-24,47,97,7,3,1,22,24,0
2020-04-23,50,100,7,3,1,20,20,0
2020-04-22,52,93,7,3,1,22,17,0
2020-04-21,52,94,6,2,1,22,11,0
2020-04-20,58,96,7,1,1,20,6,0
2020-04-19,59,91,7,1,1,20,14,0
2020-04-18,54,77,7,2,1,20,19,0
2020-04-17,54,77,7,2,1,19,24,0
2020-04-16,54,77,8,1,1,18,16,0
2020-04-15,53,83,8,1,1,19,20,0
2020-04-14,54,89,8,0,1,19,9,0
2020-04-13,54,85,9,0,1,19,13,0
2020-04-12,53,77,9,0,1,18,19,0
2020-04-11,55,74,7,2,1,17,16,0
2020-04-10,64,69,9,2,1,20,16,0
2020-04-09,66,72,9,2,1,20,24,0
2020-04-08,61,83,10,2,0,20,15,0
2020-04-07,64,79,10,1,0,17,14,0
2020-04-06,63,87,9,1,0,13,11,0
2020-04-05,67,83,9,0,0,14,13,0
2020-04-04,69,74,9,1,0,15,6,0
2020-04-03,68,85,10,1,0,14,15,0
2020-04-02,67,81,9,1,1,14,12,0
2020-04-01,66,83,9,2,0,14,21,0
2020-03-31,72,83,8,2,0,14,5,0
2020-03-30,79,69,8,2,0,14,2,0
2020-03-29,80,72,7,2,0,15,6,0
2020-03-28,74,81,7,2,0,15,8,0
2020-03-27,73,81,7,2,0,15,10,0
2020-03-26,76,92,5,2,0,15,9,0
2020-03-25,75,93,5,2,0,15,7,0
2020-03-24,78,91,5,2,0,14,24,0
2020-03-23,80,106,5,1,0,13,22,0
2020-03-22,85,96,7,1,0,12,32,0
2020-03-21,81,88,7,1,0,15,45,0
2020-03-20,87,86,8,1,0,15,36,0
2020-03-19,86,83,9,1,0,15,39,0
2020-03-18,85,86,9,0,0,15,30,0
2020-03-17,92,82,9,0,0,16,32,0
2020-03-16,93,77,7,1,0,19,39,0
2020-03-15,93,85,7,1,0,18,37,0
2020-03-14,91,73,7,1,0,17,38,0
2020-03-13,91,72,7,2,0,17,40,0
2020-03-12,94,73,7,2,0,21,33,0
2020-03-11,88,85,7,1,0,22,31,0
2020-03-10,91,87,8,0,0,24,22,0
2020-03-09,90,91,8,0,0,21,16,0
2020-03-08,83,96,8,0,0,21,35,0
2020-03-07,86,95,8,0,0,19,32,0
2020-03-06,87,87,8,1,0,17,34,0
2020-03-05,83,92,8,1,0,15,22,0
2020-03-04,83,81,10,1,0,15,19,0
2020-03-03,81,80,10,0,0,15,25,0
2020-03-02,78,97,7,1,0,15,14,0
2020-03-01,75,87,7,1,0,14,26,0
2020-02-29,77,93,8,1,0,14,16,0
2020-02-28,72,93,8,0,0,15,27,0
2020-02-27,70,100,10,0,0,14,19,0
2020-02-26,68,99,10,1,0,14,26,0
2020-02-25,69,102,9,1,0,15,20,0
2020-02-24,74,97,8,2,0,15,8,0
2020-02-23,75,96,9,1,0,14,5,0
2020-02-22,76,86,9,1,0,13,12,0
2020-02-21,70,90,8,0,0,13,4,0
2020-02-20,72,91,8,0,0,14,10,0
2020-02-19,75,88,8,0,0,14,14,0
2020-02-18,73,86,7,0,0,16,19,0
2020-02-17,77,81,7,1,0,16,17,0
2020-02-16,69,94,8,1,0,15,9,0
2020-02-15,70,93,8,1,0,16,12,0
2020-02-14,71,92,8,1,0,15,12,0
2020-02-13,74,92,9,0,0,15,15,0
2020-02-12,72,94,9,0,0,14,22,0
2020-02-11,77,99,9,0,0,13,18,0
2020-02-10,71,109,9,0,0,14,10,0
2020-02-09,71,99,11,0,0,14,13,0
2020-02-08,67,94,11,0,0,14,9,0
2020-02-07,66,93,12,1,0,16,14,0
2020-02-06,66,91,11,1,0,16,20,0
2020-02-05,69,90,9,1,0,17,15,0
2020-02-04,66,93,9,2,0,17,7,0
2020-02-03,69,91,9,2,0,17,3,0
2020-02-02,69,90,9,1,0,16,9,0
2020-02-01,66,88,8,1,0,15,4,0
2020-01-31,65,77,8,1,0,15,11,0
2020-01-30,65,70,8,4,0,17,8,0
2020-01-29,67,70,8,4,0,17,15,0
2020-01-28,67,74,9,4,0,17,16,0
2020-01-27,64,80,9,3,0,20,2,0
2020-01-26,55,89,10,4,0,20,9,0
2020-01-25,55,91,9,3,0,19,15,0
2020-01-24,59,91,8,1,0,18,12,0
2020-01-23,59,87,8,1,0,18,16,0
2020-01-22,60,81,8,2,0,17,14,0
2020-01-21,61,86,9,2,0,17,11,0
2020-01-20,63,83,8,1,0,17,6,0
2020-01-19,61,87,8,0,0,14,7,0
2020-01-18,43,104,7,0,1,14,19,0
2020-01-17,46,106,7,0,1,14,18,0
2020-01-16,43,104,8,1,1,14,14,0
2020-01-15,42,112,8,1,1,14,23,0
2020-01-14,40,109,7,1,1,13,22,0
2020-01-13,41,111,7,1,1,14,18,0
2020-01-12,39,111,7,1,1,14,20,0
2020-01-11,45,112,6,1,0,16,20,0
2020-01-10,48,115,6,2,0,18,20,0
2020-01-09,44,111,6,2,0,17,31,0
2020-01-08,39,127,7,1,0,16,15,0
2020-01-07,43,118,8,0,0,16,21,0
2020-01-06,47,117,7,0,0,15,10,0
2020-01-05,44,114,7,0,0,16,7,0
2020-01-04,44,112,7,0,0,14,18,0
2020-01-03,44,110,7,0,0,15,14,0
2019-12-28,43,83,8,1,0,18,25,0
2019-12-27,43,78,8,1,0,18,23,0
2019-12-26,46,79,8,1,0,18,14,0
2019-12-25,42,79,8,1,0,20,11,0
2019-12-24,43,80,8,1,0,20,11,0
2019-12-23,41,80,8,1,0,20,10,0
2019-12-22,42,78,9,0,0,24,14,0
2019-12-21,40,82,9,0,0,25,20,1
2019-12-20,36,84,9,0,0,24,31,1
2019-12-19,38,81,9,0,0,26,29,1
2019-12-18,35,78,9,0,0,26,27,1
2019-12-17,37,81,9,0,0,26,18,1
2019-12-16,36,88,10,0,0,24,18,1
2019-12-15,36,81,10,0,0,22,13,1
2019-12-14,39,79,10,0,0,21,12,1
2019-12-13,42,81,10,1,0,21,13,1
2019-12-12,40,81,11,1,0,22,15,1
2019-12-11,44,84,11,0,0,22,18,1
2019-12-10,48,88,11,0,0,21,18,1
2019-12-09,51,83,11,0,0,21,17,1
2019-12-08,51,71,11,1,0,21,21,1
2019-12-07,48,70,10,1,0,22,25,1
2019-12-06,50,70,10,2,0,22,28,1
2019-12-05,49,74,10,2,0,23,27,1
2019-12-04,49,67,10,3,0,23,21,1
2019-12-03,45,73,10,3,0,24,19,1
2019-12-02,46,78,11,1,0,24,18,1
2019-12-01,45,77,10,0,0,24,30,1
2019-11-23,55,82,7,2,0,19,17,2
2019-11-22,53,81,8,1,0,19,12,2
2019-11-21,52,86,8,1,0,20,7,2
2019-11-20,54,69,7,2,0,20,20,2
2019-11-19,47,78,8,1,0,20,20,2
2019-11-18,51,75,8,1,0,21,11,2
2019-11-17,52,78,10,1,0,22,19,2
2019-11-16,45,87,11,0,0,23,17,2
2019-11-15,41,89,11,2,0,24,20,2
2019-11-14,38,91,10,1,0,24,16,2
2019-11-13,36,88,10,1,0,25,22,2
2019-11-12,39,82,9,1,0,24,19,2
2019-11-11,34,91,10,0,0,24,6,2
2019-11-10,37,81,11,0,0,25,12,2
2019-11-09,33,85,10,0,0,24,13,2
2019-11-08,34,88,10,1,0,24,7,2
2019-11-07,33,82,10,1,0,25,28,2
2019-11-06,36,88,10,1,0,27,25,2
2019-11-04,35,83,10,1,0,28,34,2
2019-11-03,38,87,10,2,0,28,18,2
2019-11-02,39,82,10,0,0,25,20,2
2019-11-01,36,89,10,0,0,24,13,2
2019-10-31,34,83,10,0,0,24,27,2
2019-10-30,37,81,10,0,0,24,28,3
2019-10-29,41,73,10,1,0,22,16,3
2019-10-28,44,72,9,1,0,21,28,3
2019-10-27,49,71,9,2,0,23,17,3
2019-10-26,54,62,10,3,0,22,20,3
2019-10-25,45,77,13,1,0,20,23,3
2019-10-24,40,75,13,0,0,20,33,3
2019-10-23,31,72,16,0,0,26,33,3
2019-10-22,31,70,16,1,0,25,39,3
2019-10-21,38,77,17,1,0,25,16,3
2019-10-20,45,83,17,2,0,23,10,3
2019-10-19,45,76,17,2,0,23,15,3
2019-10-18,36,79,16,5,0,22,40,3
2019-10-17,35,82,15,5,0,23,23,3
2019-10-16,38,80,14,5,0,24,20,3
2019-10-15,42,76,14,5,0,24,24,3
2019-10-14,45,85,15,5,0,24,15,3
2019-10-13,45,86,14,3,0,27,15,3
2019-10-12,39,85,13,3,0,26,23,3
2019-10-11,34,88,13,3,0,25,32,3
2019-10-10,34,87,13,3,0,25,20,4
2019-10-09,30,91,13,4,0,23,11,5
2019-10-08,31,87,13,3,0,23,17,5
2019-10-07,34,80,13,3,0,24,21,5
2019-10-06,41,95,13,2,0,25,9,5
2019-10-05,38,87,11,2,0,26,23,5
2019-10-04,43,79,11,3,0,25,15,5
2019-10-03,44,70,11,3,0,24,19,5
2019-10-02,45,69,12,4,0,24,12,6
2019-10-01,49,61,12,4,0,24,20,6
2019-09-30,42,69,13,4,0,24,24,6
2019-09-29,40,78,16,4,0,23,6,6
2019-09-28,37,79,16,5,0,25,23,6
2019-09-27,40,79,15,4,0,24,25,6
2019-09-26,36,80,15,4,0,24,22,6
2019-09-25,34,80,16,4,0,23,12,6
2019-09-24,33,76,14,4,0,25,28,6
2019-09-23,30,75,15,5,0,25,17,6
2019-09-22,36,73,13,5,0,24,14,6
2019-09-21,36,72,13,4,0,24,20,6
2019-09-20,32,77,13,4,0,24,17,6
2019-09-19,36,70,13,4,0,24,19,6
2019-09-18,37,72,14,2,0,23,9,6
2019-09-17,38,72,14,3,0,22,17,7
2019-09-16,41,75,14,3,0,22,11,7
2019-09-15,42,83,14,3,0,24,6,8
2019-09-14,43,83,14,3,0,24,10,8
2019-09-13,40,87,14,3,0,24,16,8
2019-09-12,38,82,14,4,0,24,10,8
2019-09-11,37,78,14,6,0,23,9,8
2019-09-10,36,78,14,5,0,23,11,8
2019-09-09,36,80,14,5,0,23,10,8
2019-09-08,39,81,13,4,0,23,6,8
2019-09-07,43,73,12,4,0,23,10,8
2019-09-06,36,75,12,4,0,22,21,8
2019-09-05,32,79,12,4,0,21,24,8
2019-09-04,30,84,12,4,0,21,35,8
2019-09-03,35,84,12,5,0,23,18,8
2019-09-02,34,85,12,5,0,22,13,8
2019-09-01,31,86,12,5,0,22,10,8
2019-08-31,31,78,11,5,0,22,8,8
2019-08-30,31,70,11,6,0,22,13,8
2019-08-29,31,72,10,6,0,21,7,9
2019-08-28,31,71,10,6,0,22,23,10
2019-08-27,31,72,10,7,0,22,15,10
2019-08-26,32,71,10,7,0,21,14,10
2019-08-25,26,78,10,7,0,19,8,10
2019-08-24,25,77,10,7,0,20,7,10
2019-08-23,24,71,9,7,0,20,3,10
2019-08-22,23,73,9,4,0,20,5,10
2019-08-21,26,63,10,4,0,20,6,10
2019-08-20,28,56,10,4,0,20,13,10
2019-08-19,31,60,9,4,0,20,11,10
2019-08-18,36,60,8,4,0,21,6,10
2019-08-17,33,60,7,4,0,22,11,10
2019-08-16,35,63,7,4,0,22,14,10
2019-08-15,36,66,7,4,0,21,23,10
2019-08-14,38,69,8,4,0,21,28,10
2019-08-13,40,66,8,3,0,20,33,10
2019-08-12,42,70,8,2,0,19,17,11
2019-08-11,38,80,8,3,0,19,8,11
2019-08-10,34,83,8,3,0,21,5,11
2019-08-09,32,79,7,3,0,21,14,11
2019-08-08,35,78,6,3,0,18,10,11
2019-08-07,33,78,9,4,0,19,15,11
2019-08-06,37,80,9,4,0,18,15,11
2019-08-05,44,86,9,3,0,19,19,11
2019-08-04,47,83,9,3,0,19,9,11
2019-08-03,50,83,10,3,0,18,4,11
2019-08-02,47,83,10,2,0,17,17,11
2019-08-01,49,91,10,2,0,16,8,11
2019-07-31,50,85,11,1,0,16,11,11
2019-07-30,47,80,11,1,0,16,16,11
2019-07-29,46,84,12,0,0,17,20,11
2019-07-28,46,90,13,0,0,17,20,11
2019-07-27,46,94,12,0,0,17,19,11
2019-07-26,51,91,9,0,0,18,20,11
2019-07-25,50,90,8,0,0,17,47,12
2019-07-24,49,90,10,0,0,17,39,12
2019-07-23,43,92,13,0,0,17,46,12
2019-07-22,45,90,12,0,0,18,35,12
2019-07-21,52,99,13,2,0,16,35,12
2019-07-20,53,99,13,2,0,16,25,12
2019-07-19,58,101,13,2,0,16,16,12
2019-07-18,55,97,13,2,0,17,11,12
2019-07-17,52,98,14,2,0,17,25,12
2019-07-16,53,94,14,3,0,17,17,12
2019-07-15,53,93,14,3,0,17,22,12
2019-07-14,53,92,13,3,0,17,12,12
2019-07-13,52,92,13,3,0,17,10,12
2019-07-12,53,87,13,3,0,17,22,12
2019-07-11,53,83,13,3,0,17,13,12
2019-07-10,55,74,13,3,0,17,21,13
2019-07-09,59,88,10,3,0,15,18,9
2019-07-08,56,105,9,2,0,15,7,0
2019-07-07,54,107,8,1,0,16,7,0
2019-07-06,54,101,8,1,0,19,14,0
2019-07-05,50,100,8,2,0,18,18,0
2019-07-04,47,106,7,2,0,19,30,0
2019-07-03,48,99,7,2,0,21,37,0
2019-07-02,44,106,7,2,0,18,43,0
2019-07-01,50,101,7,0,0,20,33,0
2019-06-30,52,112,7,0,0,18,26,0
2019-06-29,55,109,8,1,0,17,19,0
2019-06-28,54,105,8,1,0,17,20,0
2019-06-27,52,98,8,1,0,17,36,0
2019-06-26,50,99,9,1,0,16,33,0
2019-06-25,53,101,9,1,0,16,10,0
2019-06-24,54,105,9,0,0,17,11,0
2019-06-23,61,102,9,0,0,17,6,0
2019-06-22,63,96,9,0,0,18,9,0
2019-06-21,50,99,11,1,0,16,15,0
2019-06-20,50,102,11,1,0,18,8,0
2019-06-19,51,101,10,1,0,18,4,0
2019-06-18,52,100,10,1,0,18,13,0
2019-06-17,55,103,10,1,0,18,8,0
2019-06-16,58,110,10,1,0,18,3,0
2019-06-15,57,104,9,0,0,16,11,0
2019-06-14,57,92,9,1,0,17,18,0
2019-06-13,57,88,9,1,0,17,8,0
2019-06-12,57,88,14,1,0,16,16,0
2019-06-11,55,88,15,2,0,15,28,0
2019-06-10,59,90,15,2,0,14,19,0
2019-06-09,56,107,13,1,0,13,3,0
2019-06-08,54,97,14,1,0,13,10,0
2019-06-07,52,96,14,1,0,14,10,0
2019-06-06,53,95,14,0,0,14,11,0
2019-06-05,53,91,14,0,0,14,4,0
2019-06-04,55,83,13,0,0,14,10,0
2019-06-03,52,89,13,0,0,14,16,0
2019-06-02,47,102,12,1,0,14,3,0
2019-06-01,49,96,12,1,0,14,5,0
2019-05-31,50,86,12,0,0,14,27,0
2019-05-30,50,82,11,0,0,14,18,0
2019-05-29,46,77,11,1,0,14,16,0
2019-05-28,45,96,11,1,0,14,18,0
2019-05-27,46,99,11,0,0,14,12,0
2019-05-26,45,97,11,0,0,15,5,0
2019-05-25,46,92,11,1,0,15,16,0
2019-05-24,44,83,11,1,0,15,26,0
2019-05-23,50,83,11,0,0,14,14,0
2019-05-22,43,78,10,0,0,15,24,0
2019-05-21,41,75,10,3,0,17,21,0
2019-05-20,44,77,10,4,0,17,17,0
2019-05-19,45,92,9,3,0,15,9,0
2019-05-18,47,91,9,4,0,13,12,0
2019-05-17,40,109,8,3,0,14,11,0
2019-05-16,40,107,8,1,0,15,12,0
2019-05-15,42,110,8,1,0,12,13,0
2019-05-14,38,113,8,0,0,14,22,0
2019-05-13,39,113,7,0,0,12,12,0
2019-05-12,40,113,7,0,0,11,5,0
2019-05-11,40,106,8,0,0,11,8,0
2019-05-10,42,103,8,0,0,11,10,0
2019-05-09,41,101,8,2,0,12,11,0
2019-05-08,39,108,10,1,0,10,7,0
2019-05-07,40,107,10,1,0,10,8,0
2019-05-06,34,118,10,0,0,9,6,0
2019-05-05,30,123,10,0,0,9,6,0
2019-05-04,32,117,10,1,0,9,9,0
2019-05-03,30,112,10,1,0,9,17,0
2019-05-02,32,106,10,1,0,9,19,0
2019-05-01,32,113,10,1,0,9,11,0
2019-04-30,32,107,11,1,0,9,11,0
2019-04-29,28,111,11,1,0,8,16,0
2019-04-28,38,108,10,1,0,7,9,0
2019-04-27,38,112,10,1,0,7,4,0
2019-04-26,35,106,10,1,0,7,13,0
2019-04-25,37,103,10,2,0,8,14,0
2019-04-24,38,96,10,0,0,8,11,0
2019-04-23,39,93,10,2,0,9,15,0
2019-04-22,36,98,10,2,0,10,7,0
2019-04-21,34,95,9,2,0,10,3,0
2019-04-20,33,93,9,2,0,11,6,0
2019-04-19,35,87,10,2,0,11,4,0
2019-04-18,33,85,10,0,0,11,16,0
2019-04-17,34,87,12,0,0,10,5,0
2019-04-16,34,79,12,0,0,11,5,0
2019-04-15,34,75,12,0,0,11,12,0
2019-04-14,35,87,11,0,0,11,3,0
2019-04-13,33,85,11,1,0,11,32,0
2019-04-12,33,82,11,1,0,11,41,0
2019-04-11,27,83,11,0,0,12,47,0
2019-04-10,27,86,11,1,0,12,36,0
2019-04-09,31,86,10,1,0,12,20,0
2019-04-08,31,84,10,0,0,12,14,0
2019-04-07,29,93,9,0,0,12,4,0
2019-04-06,30,87,9,1,0,13,7,0
2019-04-05,28,87,9,0,0,11,10,0
2019-04-04,29,84,10,0,0,10,9,0
2019-04-03,29,79,9,0,0,11,14,0
2019-04-02,34,79,8,0,0,12,8,0
2019-04-01,33,78,9,0,0,11,6,0
2019-03-31,36,74,10,0,0,11,2,0
2019-03-30,34,79,10,1,0,11,4,0
2019-03-29,34,72,9,2,0,11,14,0
2019-03-28,37,72,10,0,0,12,27,0
2019-03-26,41,69,10,0,0,11,38,0
2019-03-25,41,78,10,0,0,13,20,0
2019-03-24,43,84,10,0,0,13,14,0
2019-03-23,41,78,10,0,0,12,23,0
2019-03-22,40,78,11,0,0,11,40,0
2019-03-21,37,76,11,0,0,10,42,0
2019-03-20,42,65,12,0,0,10,42,0
2019-03-19,43,62,12,1,0,10,40,0
2019-03-18,39,71,11,0,0,7,46,0
2019-03-17,33,90,10,0,0,7,33,0
2019-03-16,34,82,10,0,0,7,31,0
2019-03-15,30,78,10,1,0,8,65,0
2019-03-14,29,74,10,0,0,8,60,0
2019-03-13,31,72,10,0,0,8,52,0
2019-03-12,29,77,10,0,0,7,61,0
2019-03-11,34,78,10,0,0,7,48,0
2019-03-10,46,80,10,0,0,5,36,0
2019-03-09,47,77,10,0,0,4,28,0
2019-03-08,43,70,9,0,0,6,68,0
2019-03-07,42,75,11,0,0,6,63,0
2019-03-06,41,71,11,0,0,6,58,0
2019-03-05,45,69,11,3,0,7,43,0
2019-03-04,45,70,11,3,0,7,29,0
2019-03-03,39,80,11,3,0,8,16,0
2019-03-02,42,78,11,2,0,8,30,0
2019-03-01,37,74,11,2,0,9,33,0
2019-02-28,39,72,11,2,0,10,23,0
2019-02-27,40,65,11,3,0,10,16,0
2019-02-26,37,73,9,3,0,11,24,0
2019-02-25,37,73,9,2,0,10,15,0
2019-02-24,46,82,10,0,0,10,7,0
2019-02-23,41,76,10,0,0,10,19,0
2019-02-22,33,87,11,0,0,9,46,0
2019-02-21,29,84,11,0,0,9,37,0
2019-02-20,30,91,10,0,0,9,28,0
2019-02-19,33,83,10,0,0,9,43,0
2019-02-18,30,87,10,0,0,9,38,0
2019-02-17,32,94,11,0,0,9,26,0
2019-02-16,32,90,11,0,0,10,35,0
2019-02-15,34,86,11,0,0,9,29,0
2019-02-14,32,86,12,1,0,10,18,0
2019-02-13,33,92,12,1,0,8,27,0
2019-02-12,31,89,12,2,0,8,37,0
2019-02-11,35,94,14,2,0,10,30,0
2019-02-10,32,101,12,1,0,11,40,0
2019-02-09,33,97,12,1,0,10,33,0
2019-02-08,32,94,13,1,0,10,52,0
2019-02-07,33,103,12,0,0,12,25,0
2019-02-06,28,101,13,1,0,12,47,0
2019-02-05,30,97,13,1,0,12,23,0
2019-02-04,29,115,13,0,0,11,19,0
2019-02-03,37,106,12,0,0,11,7,0
2019-02-02,36,81,12,1,0,11,5,0
2019-02-01,34,78,11,1,0,11,4,0
2019-01-31,35,69,11,2,0,10,6,0
2019-01-30,35,73,12,1,0,9,16,0
2019-01-29,40,62,11,0,0,9,10,0
2019-01-28,40,69,11,0,0,6,14,0
2019-01-27,50,74,11,1,0,6,7,0
2019-01-26,51,75,11,1,0,6,4,0
2019-01-25,50,68,13,1,0,6,21,0
2019-01-24,55,77,13,1,0,6,16,0
2019-01-23,52,79,11,0,0,6,24,0
2019-01-22,54,77,11,0,0,6,13,0
2019-01-21,57,81,11,0,0,6,14,0
2019-01-20,54,92,12,0,0,4,8,0
2019-01-19,55,87,11,1,0,4,14,0
2019-01-18,58,91,12,1,0,4,51,0
2019-01-17,59,99,11,0,0,6,33,0
2019-01-16,56,92,11,1,0,6,30,0
2019-01-08,53,103,13,0,0,6,22,0
2019-01-07,55,108,11,0,0,5,18,0
2019-01-06,59,115,12,0,0,7,6,0
2019-01-05,57,104,10,1,0,6,32,0
2019-01-04,58,106,10,2,0,6,29,0
2019-01-03,59,105,10,1,0,6,26,0
2019-01-02,53,101,10,0,0,7,17,0
2019-01-01,54,111,10,0,0,7,3,0
2018-12-31,51,109,10,0,0,7,7,0
2018-12-30,57,106,9,0,0,7,4,0
2018-12-29,52,106,9,0,0,8,13,0
2018-12-28,56,101,8,0,0,7,10,0
2018-12-27,51,106,8,0,0,6,9,0
2018-12-26,57,105,7,0,0,6,5,0
2018-12-25,56,103,7,0,0,6,2,0
2018-12-24,55,97,7,1,0,6,6,0
2018-12-23,49,106,6,0,0,6,27,0
2018-12-22,49,105,6,0,0,6,47,0
2018-12-21,46,103,6,1,0,6,48,0
2018-12-20,45,100,6,0,0,6,34,0
2018-12-19,47,95,6,1,0,6,29,0
2018-12-18,43,93,6,2,0,7,33,0
2018-12-17,46,97,6,2,0,8,15,0
2018-12-16,45,94,7,0,0,8,30,0
2018-12-15,44,92,7,1,0,9,35,0
2018-12-14,42,85,7,1,0,9,42,0
2018-12-13,40,86,7,1,0,9,47,0
2018-12-12,41,88,8,1,0,9,37,0
2018-12-11,40,89,8,2,0,9,23,0
2018-12-10,40,90,9,1,0,11,13,0
2018-12-09,43,97,8,1,0,9,1,0
2018-12-08,42,95,8,1,0,8,4,0
2018-12-07,43,86,7,2,0,10,4,0
2018-12-06,39,79,7,1,0,11,15,0
2018-12-05,36,87,7,1,0,12,34,0
2018-12-04,38,80,7,2,0,12,30,0
2018-12-03,42,89,7,1,0,11,11,0
2018-12-02,39,86,6,0,0,12,20,0
2018-12-01,38,84,6,1,0,11,17,0
2018-11-30,35,77,5,1,0,13,34,0
2018-11-29,35,74,5,1,0,13,17,0
2018-11-28,32,71,5,1,0,14,39,0
2018-11-27,33,67,5,2,0,14,32,0
2018-11-26,31,82,5,0,0,14,12,0
2018-11-25,34,73,5,1,0,15,24,0
2018-11-24,33,75,5,1,0,16,15,0
2018-11-23,32,73,5,1,0,17,29,0
2018-11-22,32,73,5,1,0,17,31,0
2018-11-21,34,65,5,2,0,17,33,0
2018-11-20,36,65,6,1,0,18,24,0
2018-11-19,32,65,6,1,0,17,18,0
2018-11-18,32,62,7,2,0,14,36,0
2018-11-17,32,59,7,2,0,14,34,0
2018-11-16,33,61,6,1,0,14,24,0
2018-11-15,24,64,6,1,0,13,22,0
2018-11-14,26,67,5,2,0,13,28,0
2018-11-13,30,72,6,0,0,14,36,0
2018-11-12,29,75,6,1,0,15,29,0
2018-11-11,31,90,6,0,0,15,10,0
2018-11-10,28,82,6,0,0,15,30,0
2018-11-09,26,81,6,1,0,15,27,0
2018-11-08,29,77,7,0,0,15,29,0
2018-11-07,32,71,8,1,0,13,35,0
2018-11-06,30,82,8,2,0,13,20,0
2018-11-05,30,87,8,1,0,13,24,0
2018-11-04,30,86,7,1,0,13,15,0
2018-11-03,29,84,7,1,0,13,19,0
2018-11-02,30,73,7,1,0,13,18,0
2018-11-01,29,72,6,1,0,13,29,0
2018-10-31,29,61,6,1,0,13,18,0
2018-10-30,32,55,7,2,0,13,10,0
2018-10-29,32,64,7,0,0,14,14,0
2018-10-28,32,61,7,0,0,14,27,0
2018-10-27,34,57,7,1,0,15,19,0
2018-10-26,33,56,7,1,0,15,41,0
2018-10-25,31,54,7,1,0,15,29,0
2018-10-24,34,62,6,1,0,17,35,0
2018-10-23,34,62,6,0,0,17,25,0
2018-10-22,32,75,5,0,0,17,4,0
2018-10-21,32,74,5,1,0,17,4,0
2018-10-20,32,73,6,0,0,18,9,0
2018-10-19,29,72,6,0,0,19,10,0
2018-10-18,28,66,6,0,0,18,17,0
2018-10-17,28,69,9,0,0,18,25,0
2018-10-16,27,66,9,1,0,19,22,0
2018-10-15,32,80,6,1,0,17,16,0
2018-10-14,35,80,6,1,0,17,10,0
2018-10-13,36,74,6,2,0,16,9,0
2018-10-12,38,65,6,2,0,16,14,0
2018-10-11,36,71,6,1,0,16,22,0
2018-10-10,35,64,5,1,0,16,28,0
2018-10-09,37,65,7,0,0,16,20,0
2018-10-08,41,69,5,0,0,13,11,0
2018-10-07,40,77,5,0,0,13,5,0
2018-10-06,40,73,4,0,0,13,10,0
2018-10-05,42,66,4,0,0,12,21,0
2018-10-04,39,67,4,0,0,12,15,0
2018-10-03,39,66,4,1,0,14,17,0
2018-10-02,38,65,4,1,0,13,17,0
2018-10-01,42,65,4,1,0,12,4,0
2018-09-30,43,64,4,1,0,12,12,0
2018-09-29,45,60,4,0,0,12,8,0
2018-09-28,42,57,3,0,0,11,16,0
2018-09-27,46,54,3,0,0,11,12,0
2018-09-26,46,55,3,0,0,10,11,0
2018-09-25,37,70,2,0,0,9,18,0
2018-09-24,30,76,2,1,0,10,10,0
2018-09-23,30,74,2,0,0,10,10,0
2018-09-22,30,69,1,1,0,11,11,0
2018-09-21,32,69,1,0,0,11,26,0
2018-09-20,30,62,1,0,0,12,35,0
2018-09-19,29,62,1,2,0,12,25,0
2018-09-18,28,55,1,0,0,13,23,0
2018-09-17,30,59,2,1,0,13,21,0
2018-09-16,34,63,3,1,0,13,7,0
2018-09-15,37,61,3,0,0,13,9,0
2018-09-14,37,49,3,3,0,14,10,0
2018-09-13,36,49,4,0,0,15,21,0
2018-09-12,35,46,5,0,0,17,18,0
2018-09-11,32,51,4,0,0,17,27,0
2018-09-10,35,61,4,1,0,7,20,0
2018-09-09,38,63,4,0,0,8,13,0
2018-09-08,40,62,4,0,0,9,8,0
2018-09-07,38,62,4,0,0,8,20,0
2018-09-06,37,67,4,0,0,7,26,0
2018-09-05,40,63,5,1,0,8,16,0
2018-09-04,35,67,8,2,0,8,10,0
2018-09-03,36,64,7,2,0,7,6,0
2018-09-02,42,68,6,2,0,8,0,0
2018-09-01,41,61,6,2,0,8,15,0
2018-08-31,39,60,6,1,0,6,14,0
2018-08-30,39,64,7,3,0,6,24,0
2018-08-29,38,57,7,3,0,7,26,0
2018-08-28,39,50,7,5,0,7,26,0
2018-08-27,34,60,7,5,0,12,15,0
2018-08-26,26,81,4,4,0,12,12,0
2018-08-25,27,78,4,2,0,11,17,0
2018-08-24,22,85,4,2,0,12,32,0
2018-08-23,30,79,4,2,0,11,18,0
2018-08-22,20,82,4,1,0,12,25,0
2018-08-21,20,79,4,2,0,12,37,0
2018-08-20,23,76,4,2,0,10,24,0
2018-08-19,21,75,4,3,0,10,13,0
2018-08-18,25,76,4,2,0,10,6,0
2018-08-17,25,72,4,2,0,10,19,0
2018-08-16,31,70,4,1,0,11,24,0
2018-08-15,34,72,4,0,0,11,21,0
2018-08-14,33,65,4,0,0,10,29,0
2018-08-13,32,66,2,0,0,10,20,0
2018-08-12,31,61,2,0,0,10,36,0
2018-08-11,32,64,2,0,0,10,26,0
2018-08-10,33,59,2,0,0,10,23,0
2018-08-09,31,59,2,0,0,10,28,0
2018-08-08,30,61,2,0,0,9,18,0
2018-08-07,35,57,2,0,0,9,16,0
2018-08-06,33,67,2,0,0,8,11,0
2018-08-05,31,62,2,0,0,9,12,0
2018-08-04,29,59,2,0,0,9,25,0
2018-08-03,30,60,3,0,0,9,12,0
2018-08-02,26,48,3,0,0,8,16,0
2018-08-01,29,46,3,0,0,9,23,0
2018-07-31,28,44,4,0,0,10,38,0
2018-07-30,27,49,4,0,0,11,24,0
2018-07-29,36,52,4,1,0,10,8,0
2018-07-28,39,51,5,1,0,10,6,0
2018-07-27,39,52,5,1,0,12,17,0
2018-07-26,39,47,5,1,0,12,26,0
2018-07-25,41,43,5,1,0,12,12,0
2018-07-24,45,40,5,1,0,12,10,0
2018-07-23,43,51,6,1,0,13,12,0
2018-07-22,40,52,4,1,0,12,19,0
2018-07-21,38,48,4,1,0,14,17,0
2018-07-20,37,60,3,2,0,14,17,0
2018-07-19,33,59,4,1,0,13,14,0
2018-07-18,36,49,4,1,0,13,23,0
2018-07-17,37,57,3,1,0,12,12,0
2018-07-15,41,60,3,1,0,13,5,0
2018-07-14,40,56,3,1,0,15,7,0
2018-07-13,39,53,3,1,0,17,20,0
2018-07-12,35,56,10,1,0,13,14,0
2018-07-11,34,54,12,2,0,13,18,0
2018-07-10,36,51,13,2,0,12,11,0
2018-07-09,37,55,12,2,0,16,4,0
2018-07-08,38,54,10,1,0,17,2,0
2018-07-07,38,51,9,1,0,17,7,0
2018-07-06,30,59,12,2,0,16,13,0
2018-07-05,28,62,12,1,0,18,17,0
2018-07-04,28,59,13,1,0,19,18,0
2018-07-03,28,66,13,2,0,18,12,0
2018-07-02,32,63,15,1,0,19,20,0
2018-07-01,38,69,15,1,0,18,14,0
2018-06-30,37,68,15,0,0,19,16,0
2018-06-29,35,59,17,0,0,22,12,0
2018-06-28,36,59,15,0,0,22,16,0
2018-06-27,35,67,18,1,0,22,9,0
2018-06-26,36,67,15,1,1,22,4,0
2018-06-25,38,67,12,1,1,22,8,0
2018-06-24,38,75,11,0,1,23,4,0
2018-06-23,38,76,11,0,1,22,0,0
2018-06-22,37,71,12,0,1,21,10,0
2018-06-21,36,66,12,0,1,22,11,0
2018-06-20,38,66,13,1,1,22,0,0
2018-06-19,42,58,13,1,1,22,2,0
2018-06-18,41,60,13,1,1,22,4,0
2018-06-17,36,75,8,0,1,19,3,0
2018-06-16,39,77,7,1,1,18,4,0
2018-06-15,40,72,6,0,1,17,6,0
2018-06-14,40,67,6,0,1,17,1,0
2018-06-13,37,64,7,2,1,17,0,0
2018-06-12,39,65,7,2,1,15,3,0
2018-06-11,41,62,7,0,1,15,6,0
2018-06-10,41,62,7,0,1,13,5,0
2018-06-09,39,61,7,0,1,13,5,0
2018-06-08,41,62,7,0,1,13,13,0
2018-06-07,40,60,8,0,1,12,14,0
2018-06-06,44,62,8,1,1,12,4,0
2018-06-05,38,60,8,1,1,12,13,0
2018-06-04,39,61,7,1,1,11,8,0
2018-06-03,45,63,7,1,1,10,8,0
2018-06-02,50,63,7,1,1,10,7,0
2018-06-01,47,68,5,0,1,10,9,0
2018-05-31,59,57,6,0,1,11,8,0
2018-05-30,59,58,8,0,1,10,5,0
2018-05-29,35,67,8,0,1,10,11,0
2018-05-28,40,55,8,0,1,10,2,0
2018-05-27,40,61,8,1,1,8,2,0
2018-05-26,39,58,8,1,1,8,4,0
2018-05-25,35,58,8,1,1,8,14,0
2018-05-24,36,54,8,1,1,9,7,0
2018-05-23,33,52,8,3,1,9,14,0
2018-05-22,34,58,8,2,1,8,22,0
2018-05-21,40,58,8,2,1,8,13,0
2018-05-20,39,60,10,2,1,7,7,0
2018-05-19,41,54,10,1,1,8,18,0
2018-05-18,43,50,11,2,1,7,15,0
2018-05-17,49,49,10,2,1,7,13,0
2018-05-16,37,51,11,3,1,10,34,0
2018-05-15,35,54,10,2,1,13,19,0
2018-05-14,40,58,9,1,1,11,25,0
2018-05-13,45,61,10,2,1,10,10,0
2018-05-12,46,54,10,2,1,11,23,0
2018-05-11,43,53,10,2,1,10,23,0
2018-05-10,48,47,11,2,1,10,27,0
2018-05-09,45,51,11,1,1,10,18,0
2018-05-08,45,49,9,1,1,10,19,0
2018-05-07,48,44,9,1,1,9,13,0
2018-05-06,40,67,4,1,1,8,7,0
2018-05-05,38,63,4,1,0,8,9,0
2018-05-04,36,64,4,1,0,8,11,0
2018-05-03,37,64,4,1,0,9,16,0
2018-05-02,33,60,7,1,0,9,10,0
2018-05-01,35,58,6,1,0,9,9,0
2018-04-30,38,56,5,1,0,8,14,0
2018-04-29,38,56,5,1,0,7,5,0
2018-04-28,38,54,5,1,0,7,13,0
2018-04-27,43,54,5,1,0,8,14,0
2018-04-26,44,50,5,1,0,8,17,0
2018-04-25,42,58,5,1,0,7,12,0
2018-04-24,40,63,5,3,0,7,4,0
2018-04-23,39,71,4,4,0,8,11,0
2018-04-22,44,75,5,5,0,7,2,0
2018-04-21,44,75,5,5,0,9,4,0
2018-04-20,39,75,5,4,0,9,12,0
2018-04-19,38,63,6,4,0,10,9,0
2018-04-18,39,65,6,5,0,12,6,0
2018-04-17,36,72,6,5,0,10,13,0
2018-04-16,36,71,7,6,0,8,12,0
2018-04-15,38,73,9,6,0,7,8,0
2018-04-14,39,70,9,6,0,6,12,0
2018-04-13,41,67,10,6,0,6,23,0
2018-04-12,35,77,9,6,0,7,15,0
2018-04-11,33,79,9,6,0,6,26,0
2018-04-10,33,76,8,6,0,6,14,0
2018-04-09,37,71,8,5,0,9,0,0
2018-04-08,37,74,8,6,0,8,4,0
2018-04-07,32,69,8,8,0,8,9,0
2018-04-06,29,73,8,8,0,8,17,0
2018-04-05,33,68,8,8,0,8,10,0
2018-04-04,33,68,8,7,0,7,35,0
2018-04-03,35,71,7,6,0,7,24,0
2018-04-02,32,68,7,5,0,5,6,0
2018-04-01,33,68,7,6,0,6,4,0
2018-03-31,31,71,7,6,0,6,7,0
2018-03-30,29,62,7,6,0,7,12,0
2018-03-29,29,62,7,6,0,7,13,0
2018-03-28,30,66,7,5,0,7,21,0
2018-03-27,30,68,7,5,0,7,15,0
2018-03-26,35,59,7,5,0,7,14,0
2018-03-25,38,56,7,6,0,8,9,0
2018-03-24,42,50,7,6,0,8,26,0
2018-03-23,38,48,7,5,0,8,36,0
2018-03-22,34,53,6,5,0,6,51,0
2018-03-21,35,59,5,4,0,4,36,0
2018-03-20,33,62,4,3,0,4,28,0
2018-03-19,38,64,4,5,0,8,17,0
2018-03-18,35,66,4,6,0,8,9,0
2018-03-17,39,55,4,6,0,10,9,0
2018-03-16,34,48,4,6,0,10,18,0
2018-03-15,34,46,4,5,0,9,27,0
2018-03-14,36,50,3,7,0,8,27,0
2018-03-13,34,51,1,7,0,8,19,0
2018-03-12,39,51,1,7,0,8,17,0
2018-03-11,43,58,3,6,0,6,5,0
2018-03-10,39,54,3,6,0,6,12,0
2018-03-09,41,46,3,7,0,5,10,0
2018-03-08,41,43,3,8,0,5,14,0
2018-03-07,36,46,2,8,0,5,26,0
2018-03-06,38,41,2,7,0,5,30,0
2018-03-05,39,47,3,4,0,6,16,0
2018-03-04,41,48,4,4,0,6,12,0
2018-03-03,41,43,4,4,0,6,22,0
2018-03-02,45,44,5,5,0,5,23,0
2018-03-01,44,44,5,4,0,6,25,0
2018-02-28,46,42,5,4,0,6,19,0
2018-02-27,47,40,5,4,0,5,30,0
2018-02-26,43,50,4,4,0,4,15,0
2018-02-25,39,54,4,4,0,4,32,0
2018-02-24,38,58,5,4,0,4,46,0
2018-02-23,41,49,5,3,0,4,46,0
2018-02-22,41,40,5,3,0,4,44,0
2018-02-21,36,46,5,3,0,4,42,0
2018-02-20,31,50,7,3,0,4,29,0
2018-02-19,34,39,7,2,0,4,22,0
2018-02-18,33,32,7,2,0,4,27,0
2018-02-17,34,31,7,2,0,4,29,0
2018-02-16,34,26,9,2,0,3,26,0
2018-02-15,31,25,10,2,0,4,44,0
2018-02-14,33,21,10,3,0,4,38,0
2018-02-13,33,21,10,3,0,4,37,0
2018-02-12,28,34,11,3,0,4,18,0
2018-02-09,33,33,10,3,0,3,25,0
2018-02-08,33,30,10,3,0,3,15,0
2018-02-07,33,31,11,3,0,3,6,0
2018-02-05,29,50,11,3,0,2,7,0
2018-02-02,34,49,7,3,0,2,24,0
2018-01-31,36,49,9,3,0,4,19,0
2018-01-26,39,44,8,2,0,4,29,0
2018-01-22,38,40,11,2,0,2,24,0
2018-01-20,35,42,15,2,0,1,29,0
2018-01-17,26,50,14,2,0,4,35,0
2018-01-12,32,42,16,2,0,6,13,0
2018-01-09,31,42,24,1,0,5,10,0
2018-01-05,29,49,22,1,0,2,13,0
2017-12-12,29,31,15,0,0,10,4,0
2017-12-09,25,32,10,0,0,9,0,0
2017-12-01,29,37,4,2,0,3,22,0
2017-11-27,28,48,3,2,0,2,7,0
2017-11-24,28,35,4,3,0,0,13,0
2017-11-18,31,40,6,3,0,0,6,0
2017-11-13,29,35,2,3,0,0,13,0
2017-11-10,30,49,1,3,0,0,16,0
2017-11-06,34,58,2,2,0,0,4,0
2017-11-03,34,50,4,2,0,0,9,0
2017-10-30,37,41,9,4,0,0,1,0
2017-10-23,32,33,11,4,0,0,2,0
2017-10-20,32,24,11,4,0,0,9,0
2017-10-16,42,24,8,1,0,0,5,0
2017-10-15,39,26,7,1,0,0,8,0
2017-10-11,35,30,3,2,0,0,15,0
2017-10-09,36,42,3,2,0,0,11,0
2017-10-06,34,30,4,2,0,0,15,0
2017-10-02,29,38,3,0,0,0,3,0
2017-09-29,33,31,2,0,0,0,16,0
2017-09-28,28,26,2,0,0,0,22,0
2017-09-27,32,22,1,0,0,0,23,0
2017-09-26,33,19,3,0,0,0,21,0
2017-09-25,33,27,2,0,0,0,9,0
2017-09-22,39,19,3,0,0,0,17,0
2017-09-21,38,20,2,0,0,0,9,0
2017-09-20,40,14,2,0,0,0,11,0
2017-09-19,37,15,2,0,0,0,16,0
2017-09-18,35,29,0,1,0,0,11,0
2017-09-15,40,29,1,1,0,0,22,0
2017-09-14,37,32,2,1,0,0,31,0
2017-09-13,35,29,4,1,0,0,23,0
2017-09-11,31,30,6,2,0,0,12,0
2017-09-05,40,18,4,1,0,0,26,0
2017-09-01,37,16,3,2,0,0,5,0
2017-08-29,32,21,4,0,0,0,21,0
2017-08-28,35,27,3,0,0,0,4,0
2017-08-25,45,16,3,0,0,0,7,0
2017-08-24,42,15,3,0,0,0,8,0
2017-08-15,27,26,5,3,0,0,1,0
2017-08-14,23,30,4,2,0,0,4,0
2017-08-11,26,25,5,2,0,0,4,0
2017-08-10,25,29,5,2,0,0,16,0
2017-08-09,28,27,5,2,0,0,14,0
2017-08-08,26,30,6,2,0,0,4,0
2017-08-04,21,25,6,2,0,0,3,0
2017-08-02,20,26,6,1,0,0,3,0
2017-07-31,21,23,8,1,0,0,1,0
2017-07-28,19,24,8,0,0,0,3,0
2017-07-27,19,27,8,0,0,0,4,0
2017-07-24,19,40,7,0,0,0,11,0
2017-07-21,22,34,6,0,0,0,11,0
2017-07-20,23,28,6,0,0,0,12,0
2017-07-19,26,22,6,0,0,0,9,0
2017-07-18,25,22,6,0,0,0,21,0
2017-07-17,24,32,5,0,0,0,2,0
2017-07-16,25,29,8,0,0,0,1,0
2017-07-14,29,24,8,0,0,0,8,0
2017-07-13,33,19,8,0,0,0,9,0
2017-07-12,33,21,6,0,0,0,6,0
2017-07-11,30,25,7,2,0,0,5,0
2017-07-10,24,35,6,3,0,0,0,0
2017-07-07,27,34,8,3,0,0,4,0
2017-07-05,28,31,8,2,0,0,2,0
2017-07-01,29,33,6,2,0,0,0,0
2017-06-30,29,29,6,2,0,0,9,0
2017-06-28,34,29,5,3,0,0,9,0
2017-06-27,34,32,5,3,0,0,11,0
2017-06-24,31,35,5,2,0,0,6,0
2017-06-24,32,29,6,1,0,0,3,0
2017-06-23,32,26,6,0,0,0,3,0
2017-06-22,31,25,5,1,0,0,8,0
2017-06-20,31,15,7,0,0,0,15,0
2017-06-19,35,22,6,0,0,0,0,0
2017-06-17,35,18,6,0,0,0,3,0
2017-06-16,36,22,4,0,0,0,3,0
2017-06-15,43,21,4,0,0,0,2,0
2017-06-14,44,18,4,1,0,0,4,0
2017-06-13,37,17,4,1,0,0,10,0
2017-06-12,27,28,3,2,0,0,0,0
2017-06-11,23,30,5,3,0,0,1,0
2017-06-09,25,20,5,3,0,0,6,0
2017-06-08,24,22,5,2,0,0,5,0
2017-06-07,26,20,5,2,0,0,10,0
2017-06-06,28,16,7,2,0,0,8,0
2017-06-05,32,16,6,1,0,0,3,0
2017-06-03,31,11,6,0,0,0,5,0
2017-06-02,34,18,3,0,0,0,16,0
2017-06-01,32,13,3,0,0,0,7,0
2017-05-30,37,16,3,0,0,0,6,0
2017-05-29,38,15,3,0,0,0,3,0
2017-05-27,34,12,4,0,0,0,14,0
2017-05-26,24,20,4,0,0,0,13,0
2017-05-25,24,21,6,0,0,0,14,0
2017-05-24,23,26,8,0,0,0,19,0
2017-05-23,23,24,8,0,0,0,14,0
2017-05-22,26,34,8,0,0,0,2,0
2017-05-20,24,30,8,0,0,0,6,0
2017-05-19,34,31,8,0,0,0,9,0
2017-05-18,31,35,8,0,0,0,4,0
2017-05-17,34,30,8,0,0,0,3,0
2017-05-16,31,26,9,0,0,0,14,0
2017-05-15,37,24,7,0,0,0,5,0
2017-05-14,40,19,7,0,0,0,2,0
2017-05-12,31,17,9,0,0,0,9,0
2017-05-11,31,16,9,0,0,0,1,0
2017-05-10,28,13,9,0,0,0,0,0
2017-05-09,30,17,13,0,0,0,1,0
2017-05-08,25,17,12,0,0,0,0,0
2017-05-06,21,32,12,0,0,0,1,0
2017-05-05,22,26,11,0,0,0,0,0
2017-05-04,26,21,11,0,0,0,0,0
2017-05-03,25,18,11,0,0,0,0,0
2017-05-02,28,26,13,0,0,0,6,0
2017-05-01,28,13,12,0,0,0,0,0
2017-04-28,36,13,13,0,0,0,3,0
2017-04-27,37,13,13,0,0,0,4,0
2017-04-26,30,12,12,0,0,0,3,0
2017-04-25,30,12,12,0,0,0,12,0
2017-04-24,38,18,9,0,0,0,0,0
2017-04-22,37,19,9,0,0,0,2,0
2017-04-21,37,11,8,0,0,0,4,0
2017-04-20,43,12,9,0,0,0,2,0
2017-04-19,35,16,7,0,0,0,1,0
2017-04-18,35,21,9,0,0,0,0,0
2017-04-17,40,22,5,0,0,0,2,0
2017-04-15,41,14,3,0,0,0,2,0
2017-04-14,44,15,3,0,0,0,4,0
