is:open updated:{{param|relative_date}},>1|today,3..1|last 3 days,7..4|last week,14..8|last 2 weeks,30..15|last month,<30|more than a month
2024-07-27,8,8,5,19,10,1
2024-07-26,8,13,11,15,9,1
2024-07-25,7,13,13,6,8,1
2024-07-24,21,7,22,6,8,1
2024-07-23,10,8,19,5,17,8
2024-07-22,8,9,16,7,17,8
2024-07-21,9,10,4,10,19,7
2024-07-20,12,19,2,8,23,1
2024-07-19,13,15,4,9,22,1
2024-07-18,22,6,5,12,20,1
2024-07-17,7,6,9,17,23,1
2024-07-16,8,3,6,17,22,1
2024-07-15,4,8,10,14,16,1
2024-07-14,4,7,9,19,17,1
2024-07-13,9,7,11,17,16,1
2024-07-12,6,9,9,14,14,1
2024-07-11,7,8,9,15,13,1
2024-07-10,7,13,10,15,12,1
2024-07-09,8,12,12,16,13,1
2024-07-08,18,9,9,9,14,1
2024-07-07,8,19,12,11,15,1
2024-07-06,15,17,9,10,11,1
2024-07-05,18,9,9,11,3,1
2024-07-04,9,12,6,21,6,1
2024-07-03,14,12,9,22,4,1
2024-07-02,12,11,9,26,4,1
2024-07-01,15,11,7,24,3,1
2024-06-30,6,13,8,27,5,2
2024-06-29,11,12,9,24,5,2
2024-06-28,14,7,14,9,6,2
2024-06-27,10,8,29,8,7,2
2024-06-26,7,12,26,6,5,2
2024-06-25,7,15,25,8,5,2
2024-06-24,11,18,6,7,5,2
2024-06-23,8,33,7,5,5,1
2024-06-22,15,27,8,5,2,1
2024-06-21,38,8,7,8,2,1
2024-06-20,7,9,5,9,3,37
2024-06-19,7,7,3,8,4,37
2024-06-18,7,9,6,8,4,41
2024-06-17,8,7,6,9,4,41
2024-06-16,12,3,7,6,6,39
2024-06-15,4,7,6,4,8,37
2024-06-14,4,12,12,3,8,37
2024-06-13,6,9,12,2,8,38
2024-06-12,11,3,10,2,9,39
2024-06-11,5,14,6,1,9,40
2024-06-10,8,17,8,2,9,39
2024-06-09,13,10,5,2,10,38
2024-06-08,12,6,5,2,11,38
2024-06-07,8,9,4,3,13,42
2024-06-06,10,9,4,3,13,42
2024-06-05,8,8,4,5,14,43
2024-06-04,9,5,5,6,13,43
2024-06-03,5,9,3,4,13,43
2024-06-02,8,10,5,5,15,43
2024-06-01,6,9,6,3,11,43
2024-05-31,12,2,6,7,7,46
2024-05-30,7,4,4,12,6,46
2024-05-29,5,8,4,13,6,46
2024-05-28,6,6,1,13,6,45
2024-05-27,10,8,3,13,4,45
2024-05-26,7,7,4,15,3,45
2024-05-25,8,2,3,12,2,46
2024-05-24,3,6,6,9,1,46
2024-05-23,4,4,10,8,1,46
2024-05-22,6,2,12,7,1,46
2024-05-21,2,2,12,7,3,44
2024-05-20,2,7,4,4,4,43
2024-05-19,1,15,5,2,4,43
2024-05-18,7,11,6,1,7,40
2024-05-17,13,3,6,1,7,41
2024-05-16,6,4,4,2,8,47
2024-05-15,2,9,3,3,10,46
2024-05-14,7,5,4,2,11,46
2024-05-13,5,4,6,2,10,46
2024-05-12,5,5,7,4,16,41
2024-05-11,2,7,8,4,18,40
2024-05-10,5,5,4,3,18,40
2024-05-09,5,8,4,5,18,40
2024-05-08,4,9,3,5,18,40
2024-05-07,7,8,2,5,19,39
2024-05-06,5,10,1,2,18,39
2024-05-05,8,5,3,3,18,38
2024-05-04,5,5,5,4,19,37
2024-05-03,6,3,8,4,17,36
2024-05-02,5,4,6,8,18,36
2024-05-01,3,7,4,9,23,30
2024-04-30,4,7,1,11,25,27
2024-04-29,6,7,0,11,25,27
2024-04-28,8,4,4,11,32,22
2024-04-27,5,2,4,10,27,22
2024-04-26,4,2,6,13,29,21
2024-04-25,1,3,6,12,32,19
2024-04-24,3,4,7,10,31,19
2024-04-23,2,4,7,10,30,19
2024-04-22,4,3,6,11,30,19
2024-04-21,1,7,5,11,31,16
2024-04-20,5,6,4,7,37,10
2024-04-19,7,5,8,7,36,10
2024-04-18,5,5,9,8,36,10
2024-04-17,6,3,8,8,36,9
2024-04-16,5,3,4,8,27,9
2024-04-15,2,10,4,19,23,9
2024-04-14,3,11,6,21,23,8
2024-04-13,10,3,5,21,16,8
2024-04-12,5,4,5,29,16,8
2024-04-11,5,9,8,29,16,7
2024-04-10,7,5,8,27,14,7
2024-04-09,10,4,10,16,13,7
2024-04-08,3,6,20,13,14,7
2024-04-07,5,11,22,12,14,7
2024-04-06,3,11,23,5,11,7
2024-04-05,9,9,15,7,5,6
2024-04-04,5,28,11,15,6,5
2024-04-03,10,30,11,13,6,5
2024-04-02,29,11,5,12,6,4
2024-04-01,13,18,5,13,7,22
2024-03-31,7,17,3,15,7,44
2024-03-30,21,7,3,10,7,43
2024-03-29,10,9,7,3,8,56
2024-03-28,12,6,14,3,8,56
2024-03-27,9,4,14,4,7,55
2024-03-26,6,5,12,5,7,55
2024-03-25,7,10,3,4,8,54
2024-03-24,6,18,4,4,9,53
2024-03-23,11,11,3,3,9,53
2024-03-22,19,5,3,4,12,53
2024-03-21,7,5,2,3,12,65
2024-03-20,8,7,2,2,16,60
2024-03-19,9,4,3,4,16,60
2024-03-18,4,7,5,3,17,58
2024-03-17,5,8,6,3,19,56
2024-03-16,9,8,6,3,19,56
2024-03-15,6,9,5,3,19,56
2024-03-14,13,6,3,3,17,56
2024-03-13,10,6,3,5,16,57
2024-03-12,8,4,4,9,14,57
2024-03-11,10,4,4,10,14,57
2024-03-10,8,5,5,10,11,57
2024-03-09,4,6,3,13,10,57
2024-03-08,6,4,1,12,10,57
2024-03-07,4,4,4,8,9,57
2024-03-06,3,4,7,9,9,57
2024-03-05,6,5,10,5,5,56
2024-03-04,4,5,11,10,5,56
2024-03-03,7,6,6,7,5,55
2024-03-02,4,10,7,8,3,56
2024-03-01,5,9,5,11,3,56
2024-02-29,8,10,4,10,2,57
2024-02-28,9,6,3,11,3,57
2024-02-27,9,7,3,5,3,58
2024-02-26,9,9,11,5,3,58
2024-02-25,11,4,10,3,5,57
2024-02-24,13,4,12,2,5,57
2024-02-23,2,7,5,1,5,58
2024-02-22,4,19,7,0,7,57
2024-02-21,8,17,5,0,7,58
2024-02-20,22,3,2,1,8,57
2024-02-19,4,10,6,3,8,60
2024-02-18,8,8,4,2,8,60
2024-02-17,9,7,3,3,8,60
2024-02-16,7,12,3,4,10,61
2024-02-15,9,8,3,2,11,60
2024-02-14,11,2,2,3,10,64
2024-02-13,8,7,2,4,9,65
2024-02-12,6,5,2,6,10,67
2024-02-11,11,1,2,6,10,69
2024-02-10,4,3,1,5,8,69
2024-02-09,3,4,4,7,9,70
2024-02-08,5,1,3,6,9,70
2024-02-07,3,2,2,6,8,71
2024-02-06,3,4,4,6,9,72
2024-02-05,6,3,6,5,8,72
2024-02-04,4,1,6,6,8,74
2024-02-03,4,2,4,4,10,72
2024-02-02,6,4,3,4,9,72
2024-02-01,4,8,3,5,8,73
2024-01-31,8,5,4,4,7,73
2024-01-30,7,1,3,5,7,73
2024-01-29,4,9,3,5,7,73
2024-01-28,5,7,3,6,7,72
2024-01-27,10,3,3,8,9,72
2024-01-26,10,4,4,8,9,72
2024-01-25,5,5,6,8,9,72
2024-01-24,6,7,4,8,9,72
2024-01-23,3,12,4,6,9,72
2024-01-22,10,7,4,5,8,72
2024-01-21,10,5,6,3,10,69
2024-01-20,8,6,10,4,11,69
2024-01-19,9,5,7,4,9,70
2024-01-18,3,5,6,6,10,71
2024-01-17,5,8,4,7,10,71
2024-01-16,9,9,3,7,10,71
2024-01-15,7,9,3,7,12,71
2024-01-14,9,6,3,6,11,71
2024-01-13,7,5,4,7,9,71
2024-01-12,7,3,5,7,11,70
2024-01-11,3,5,7,5,8,70
2024-01-10,4,3,8,8,8,69
2024-01-09,2,4,8,9,9,68
2024-01-08,4,5,6,9,9,68
2024-01-07,5,6,2,8,9,68
2024-01-06,5,11,3,5,6,68
2024-01-05,8,9,6,8,7,68
2024-01-04,10,4,8,6,8,68
2024-01-03,5,5,13,5,10,68
2024-01-02,7,4,11,5,10,68
2024-01-01,3,9,8,5,11,67
2023-12-31,11,8,2,4,11,67
2023-12-30,8,11,4,2,12,66
2023-12-29,6,11,4,3,13,65
2023-12-28,11,7,4,4,13,64
2023-12-27,9,7,5,4,13,63
2023-12-26,11,2,3,5,11,64
2023-12-25,5,5,6,6,9,65
2023-12-24,1,7,6,7,9,65
2023-12-23,11,5,5,7,9,65
2023-12-22,4,7,6,7,10,64
2023-12-21,5,6,3,5,11,64
2023-12-20,6,6,4,4,11,63
2023-12-19,5,6,4,4,11,62
2023-12-18,5,3,5,4,11,62
2023-12-17,7,3,5,5,10,63
2023-12-16,4,5,5,7,12,62
2023-12-15,3,7,3,8,12,61
2023-12-14,7,5,0,9,13,59
2023-12-13,6,7,1,8,14,58
2023-12-12,8,6,4,7,12,58
2023-12-11,7,5,6,9,12,57
2023-12-10,4,3,6,9,14,55
2023-12-09,4,2,7,9,15,54
2023-12-08,1,7,6,8,15,54
2023-12-07,3,7,6,6,14,54
2023-12-06,6,6,7,6,15,53
2023-12-05,7,7,5,4,14,54
2023-12-04,7,10,7,4,12,54
2023-12-03,7,8,6,4,12,54
2023-12-02,9,5,7,4,15,52
2023-12-01,7,8,3,6,13,52
2023-11-30,11,8,2,7,12,52
2023-11-29,8,6,2,9,9,51
2023-11-28,8,6,2,15,9,51
2023-11-27,6,5,5,16,10,51
2023-11-26,7,0,5,14,9,51
2023-11-25,2,4,8,15,8,50
2023-11-24,2,6,6,15,7,50
2023-11-23,5,4,4,12,7,50
2023-11-22,5,8,8,5,10,48
2023-11-21,6,6,14,4,9,48
2023-11-20,9,5,13,5,12,45
2023-11-19,7,6,10,4,13,45
2023-11-18,6,11,4,2,12,45
2023-11-17,9,18,5,2,9,45
2023-11-16,12,11,5,5,10,45
2023-11-15,19,5,3,5,10,46
2023-11-14,8,4,3,6,12,48
2023-11-13,4,9,4,8,11,48
2023-11-12,7,9,3,9,11,49
2023-11-11,8,5,4,8,10,51
2023-11-10,6,3,3,6,9,53
2023-11-09,3,6,7,8,10,52
2023-11-08,5,6,6,7,10,52
2023-11-07,4,4,7,5,7,52
2023-11-06,5,4,3,7,7,52
2023-11-05,4,11,4,7,6,50
2023-11-04,4,9,3,8,6,50
2023-11-03,11,1,3,6,6,51
2023-11-02,4,6,5,7,7,52
2023-11-01,5,5,4,8,8,51
2023-10-31,7,3,3,6,6,51
2023-10-30,4,6,6,8,7,51
2023-10-29,4,10,5,5,7,50
2023-10-28,8,7,9,6,7,50
2023-10-27,7,4,4,6,9,49
2023-10-26,5,7,7,4,12,49
2023-10-25,5,8,4,3,13,47
2023-10-24,11,9,6,2,12,47
2023-10-23,3,9,6,4,12,52
2023-10-22,8,4,4,3,11,52
2023-10-21,4,7,5,6,11,52
2023-10-20,3,9,2,8,14,49
2023-10-19,7,9,3,8,15,50
2023-10-18,10,6,1,8,16,49
2023-10-17,9,3,3,8,15,52
2023-10-16,3,6,8,9,17,52
2023-10-15,5,4,8,6,17,52
2023-10-14,2,4,10,2,16,51
2023-10-13,3,5,10,4,15,51
2023-10-12,2,10,9,4,14,51
2023-10-11,5,7,7,5,12,50
2023-10-10,8,6,3,7,9,50
2023-10-09,7,10,3,10,10,50
2023-10-08,8,8,2,12,11,49
2023-10-07,8,3,2,10,12,56
2023-10-06,3,2,3,10,12,63
2023-10-05,4,3,4,10,7,63
2023-10-04,3,2,5,11,8,62
2023-10-03,4,1,6,8,7,61
2023-10-02,3,3,8,9,7,60
2023-10-01,2,5,8,9,8,59
2023-09-30,3,4,5,9,10,57
2023-09-29,7,5,2,8,9,56
2023-09-28,3,9,2,5,11,56
2023-09-27,7,5,6,6,12,56
2023-09-26,9,4,8,4,11,57
2023-09-25,4,4,8,5,12,58
2023-09-24,7,4,4,6,12,58
2023-09-23,6,8,3,5,13,56
2023-09-22,7,7,2,4,14,56
2023-09-21,11,3,3,2,14,55
2023-09-20,4,8,5,4,15,57
2023-09-19,6,7,4,3,14,56
2023-09-18,10,4,4,5,15,55
2023-09-17,7,4,1,6,15,54
2023-09-16,6,8,1,6,13,54
2023-09-15,7,5,2,9,9,54
2023-09-14,12,2,2,12,8,54
2023-09-13,7,1,3,13,9,53
2023-09-12,5,1,2,12,9,54
2023-09-11,2,4,7,12,9,53
2023-09-10,0,4,6,10,13,49
2023-09-09,6,2,8,7,13,49
2023-09-08,4,4,7,3,11,49
2023-09-07,4,7,12,4,11,49
2023-09-06,5,6,10,4,10,49
2023-09-05,9,7,8,6,11,48
2023-09-04,6,8,2,6,14,48
2023-09-03,7,12,2,7,13,48
2023-09-02,9,7,1,7,12,48
2023-09-01,11,3,2,10,11,49
2023-08-31,8,3,4,12,13,50
2023-08-30,2,5,7,11,13,50
2023-08-29,5,4,7,11,12,49
2023-08-28,6,7,4,12,12,49
2023-08-27,6,9,4,12,11,49
2023-08-26,12,6,3,5,4,49
2023-08-25,10,6,11,11,4,49
2023-08-24,8,5,10,11,3,49
2023-08-23,8,4,10,11,4,49
2023-08-22,3,9,4,9,5,48
2023-08-21,7,11,5,9,4,48
2023-08-20,5,9,4,10,4,46
2023-08-19,13,4,4,5,4,46
2023-08-18,4,7,11,5,6,49
2023-08-17,5,8,13,4,7,48
2023-08-16,7,4,13,3,8,51
2023-08-15,11,1,3,3,8,51
2023-08-14,3,18,2,2,7,52
2023-08-13,5,18,2,1,6,52
2023-08-12,20,2,4,2,11,47
2023-08-11,5,6,4,8,13,49
2023-08-10,4,6,3,8,13,49
2023-08-09,6,4,2,4,13,49
2023-08-08,5,4,6,4,12,51
2023-08-07,5,8,7,3,11,51
2023-08-06,6,6,8,3,13,51
2023-08-05,6,3,4,3,10,51
2023-08-04,4,9,3,8,15,47
2023-08-03,1,11,3,8,15,46
2023-08-02,11,3,1,8,15,45
2023-08-01,4,8,4,9,14,45
2023-07-31,3,7,3,9,13,45
2023-07-30,8,3,4,11,14,44
2023-07-28,6,4,8,6,9,44
2023-07-27,6,4,6,10,9,44
2023-07-26,9,3,8,8,8,45
2023-07-25,7,3,6,8,8,45
2023-07-24,4,8,8,7,8,45
2023-07-23,7,8,9,9,10,44
2023-07-22,11,6,4,9,11,43
2023-07-21,8,11,3,3,11,43
2023-07-20,9,11,11,6,7,43
2023-07-19,13,6,12,9,9,43
2023-07-18,9,5,11,12,10,42
2023-07-17,11,6,4,11,11,40
2023-07-16,4,20,7,12,11,41
2023-07-15,11,13,5,12,9,40
2023-07-14,20,3,3,15,8,40
2023-07-13,11,8,3,12,12,40
2023-07-12,8,10,11,12,15,37
2023-07-11,10,6,14,10,14,37
2023-07-10,9,9,13,10,14,37
2023-07-09,7,8,8,12,13,38
2023-07-08,10,15,7,9,11,38
2023-07-07,13,16,7,7,10,37
2023-07-06,21,10,9,8,11,37
2023-07-05,10,14,10,7,13,39
2023-07-04,13,10,7,5,12,39
2023-07-03,12,9,6,7,12,38
2023-07-02,11,11,7,7,9,38
2023-07-01,12,10,7,9,9,38
2023-06-30,12,6,5,9,9,39
2023-06-29,11,10,6,10,8,39
2023-06-28,17,7,6,10,9,39
2023-06-27,12,7,10,10,4,39
2023-06-26,8,8,10,13,6,39
2023-06-25,7,11,9,9,4,39
2023-06-24,8,11,10,11,3,39
2023-06-23,10,10,7,9,3,39
2023-06-22,10,10,8,8,2,39
2023-06-21,14,7,7,9,2,39
2023-06-20,14,13,7,4,2,39
2023-06-19,12,13,9,4,2,39
2023-06-18,17,9,7,2,1,39
2023-06-17,11,10,10,4,1,39
2023-06-16,16,6,3,3,1,39
2023-06-15,15,14,5,4,3,38
2023-06-14,12,13,3,6,4,37
2023-06-13,18,5,5,3,4,38
2023-06-12,13,8,8,4,3,39
2023-06-11,13,8,8,4,3,39
2023-06-10,11,13,7,3,3,39
2023-06-09,13,8,5,2,3,41
2023-06-08,14,9,6,2,4,41
2023-06-07,12,9,6,2,5,40
2023-06-06,12,7,5,4,6,39
2023-06-05,10,13,3,3,6,39
2023-06-04,9,13,3,4,6,40
2023-06-03,15,10,1,4,6,41
2023-06-02,15,10,3,3,7,41
2023-06-01,10,3,3,2,8,42
2023-05-31,6,8,6,1,7,43
2023-05-30,6,6,6,2,6,43
2023-05-29,6,3,2,4,7,41
2023-05-28,4,8,2,6,7,41
2023-05-27,4,10,2,6,8,40
2023-05-26,6,7,1,7,8,40
2023-05-25,6,5,0,7,8,41
2023-05-24,8,3,0,5,7,41
2023-05-23,4,5,4,3,9,39
2023-05-22,4,3,7,3,8,39
2023-05-21,4,2,8,4,7,39
2023-05-20,4,3,5,4,9,38
2023-05-19,3,7,4,4,10,37
2023-05-18,5,17,1,4,12,35
2023-05-17,11,13,1,4,14,33
2023-05-16,14,5,1,4,14,37
2023-05-15,7,3,4,4,15,36
2023-05-14,2,5,5,4,12,36
2023-05-13,3,4,6,6,13,35
2023-05-12,5,4,5,8,12,35
2023-05-11,4,4,4,7,14,34
2023-05-10,4,4,5,4,14,34
2023-05-09,4,5,5,5,14,35
2023-05-08,7,8,7,5,11,35
2023-05-07,7,5,3,6,10,35
2023-05-06,8,5,3,7,12,34
2023-05-05,4,8,4,7,11,35
2023-05-04,7,3,5,9,12,33
2023-05-03,8,0,2,10,10,33
2023-05-02,4,6,2,12,9,32
2023-05-01,1,8,3,8,9,32
2023-04-30,7,2,8,7,8,32
2023-04-29,1,5,9,8,9,32
2023-04-28,5,5,8,7,9,31
2023-04-27,2,7,3,6,9,31
2023-04-26,6,10,4,4,10,29
2023-04-25,8,9,5,3,10,29
2023-04-24,14,8,6,3,10,29
2023-04-23,8,12,6,4,10,30
2023-04-22,11,8,6,5,10,30
2023-04-21,10,6,1,3,8,30
2023-04-20,9,8,4,5,10,29
2023-04-19,7,8,2,3,8,29
2023-04-18,11,5,4,6,8,29
2023-04-17,8,6,2,7,7,29
2023-04-16,5,4,6,7,7,29
2023-04-15,3,4,5,6,8,28
2023-04-14,5,5,3,4,9,26
2023-04-13,3,9,5,6,9,25
2023-04-12,7,7,4,4,11,24
2023-04-11,11,5,6,3,8,25
2023-04-10,8,4,5,5,9,24
2023-04-09,7,5,5,5,9,24
2023-04-08,4,8,2,6,10,23
2023-04-07,9,8,1,5,10,23
2023-04-06,9,6,3,4,12,22
2023-04-05,11,4,4,4,10,22
2023-04-04,9,3,5,3,11,22
2023-04-03,9,5,5,3,11,24
2023-04-02,10,5,4,4,11,26
2023-04-01,5,9,3,3,12,26
2023-03-31,12,4,1,3,11,26
2023-03-30,4,7,4,5,12,23
2023-03-29,5,7,4,5,10,23
2023-03-28,5,4,2,7,13,21
2023-03-27,6,6,4,9,13,22
2023-03-26,1,7,4,10,11,22
2023-03-25,9,3,2,12,12,21
2023-03-24,5,5,2,10,12,22
2023-03-23,6,4,3,9,12,22
2023-03-22,5,3,6,9,10,22
2023-03-21,3,2,8,8,10,24
2023-03-20,3,4,9,7,9,24
2023-03-19,3,6,9,6,8,24
2023-03-18,6,5,8,6,9,23
2023-03-17,7,5,4,5,9,23
2023-03-16,8,10,5,4,9,23
2023-03-15,8,9,4,3,4,23
2023-03-14,10,7,6,10,5,23
2023-03-13,6,7,6,9,5,22
2023-03-12,8,5,4,9,5,21
2023-03-11,4,6,4,13,5,22
2023-03-10,6,6,4,13,3,22
2023-03-09,5,8,3,15,3,22
2023-03-08,10,6,2,6,3,22
2023-03-07,5,11,12,7,3,22
2023-03-06,10,5,12,4,3,22
2023-03-05,9,4,16,3,3,22
2023-03-04,6,5,6,3,3,23
2023-03-03,5,17,5,1,4,21
2023-03-02,4,18,4,1,4,21
2023-03-01,19,5,3,1,5,21
2023-02-28,8,10,4,3,8,22
2023-02-27,8,7,2,4,6,22
2023-02-26,9,6,1,6,6,23
2023-02-25,3,6,1,6,6,25
2023-02-24,6,4,3,6,5,25
2023-02-23,4,4,5,8,6,25
2023-02-22,4,3,4,6,5,25
2023-02-21,4,4,4,9,5,25
2023-02-20,2,8,2,6,6,24
2023-02-19,5,6,5,5,6,24
2023-02-18,5,5,5,3,8,21
2023-02-17,8,3,7,3,8,21
2023-02-16,3,4,4,3,4,22
2023-02-15,10,7,4,5,4,22
2023-02-14,4,14,3,5,4,23
2023-02-13,15,7,2,5,4,23
2023-02-12,3,13,2,6,6,22
2023-02-11,12,2,1,4,7,21
2023-02-10,7,4,4,4,7,21
2023-02-09,2,7,4,0,7,21
2023-02-08,6,5,7,0,7,21
2023-02-07,7,3,5,0,8,21
2023-02-06,4,6,4,1,9,21
2023-02-05,4,5,1,1,7,21
2023-02-04,4,6,1,4,6,21
2023-02-03,2,6,0,6,2,21
2023-02-02,8,3,0,8,2,21
2023-02-01,6,3,3,8,3,21
2023-01-31,6,0,6,7,5,21
2023-01-30,4,4,7,7,5,21
2023-01-29,4,3,5,5,4,21
2023-01-28,1,5,5,5,3,21
2023-01-27,4,5,4,2,2,20
2023-01-26,4,5,9,4,1,20
2023-01-25,4,3,7,5,1,20
2023-01-24,5,3,7,5,1,20
2023-01-23,3,4,1,5,1,20
2023-01-22,4,9,0,5,1,20
2023-01-21,4,10,2,4,1,20
2023-01-20,12,2,3,2,1,20
2023-01-19,5,2,8,4,1,21
2023-01-18,2,2,8,4,1,21
2023-01-17,2,4,5,3,1,21
2023-01-16,2,7,3,3,5,17
2023-01-15,6,8,2,0,5,17
2023-01-14,7,8,5,0,6,17
2023-01-13,13,2,3,0,10,13
2023-01-12,9,4,3,2,11,13
2023-01-11,5,5,0,3,10,13
2023-01-10,6,10,0,4,10,13
2023-01-09,7,10,0,4,10,13
2023-01-08,13,2,0,4,10,13
2023-01-07,6,3,1,2,10,15
2023-01-06,5,4,3,4,11,15
2023-01-05,3,6,3,2,11,15
2023-01-04,4,4,5,1,11,15
2023-01-03,8,0,3,1,11,15
2023-01-02,6,4,3,2,10,15
2023-01-01,1,3,1,3,5,15
2022-12-31,3,2,1,7,5,15
2022-12-30,2,3,2,6,5,15
2022-12-29,5,2,4,6,0,15
2022-12-28,1,4,4,12,0,15
2022-12-27,1,5,3,12,0,15
2022-12-26,5,2,1,11,0,15
2022-12-25,3,3,1,6,0,15
2022-12-24,4,4,6,6,0,15
2022-12-23,3,3,7,6,0,15
2022-12-22,4,3,6,0,0,15
2022-12-21,4,2,6,0,0,15
2022-12-20,4,11,6,0,0,15
2022-12-19,4,10,7,0,1,14
2022-12-18,13,1,0,0,1,14
2022-12-17,6,14,0,0,1,17
2022-12-16,5,15,0,0,1,17
2022-12-15,18,2,0,0,1,17
2022-12-14,5,6,1,1,3,21
2022-12-13,5,7,1,1,4,21
2022-12-12,4,6,0,1,3,21
2022-12-11,6,3,0,2,4,21
2022-12-10,5,1,0,2,3,21
2022-12-09,5,1,1,5,4,21
2022-12-08,4,2,2,4,4,21
2022-12-07,3,2,3,4,3,21
2022-12-06,4,1,2,4,2,22
2022-12-05,3,3,2,4,4,20
2022-12-04,4,3,3,3,3,20
2022-12-03,3,3,3,3,4,20
2022-12-02,6,2,3,3,4,20
2022-12-01,3,5,3,3,5,19
2022-11-30,6,3,2,2,5,19
2022-11-29,4,5,2,1,5,19
2022-11-28,5,6,2,1,4,19
2022-11-27,9,7,2,1,7,16
2022-11-26,10,2,3,1,8,16
2022-11-25,5,4,3,1,9,17
2022-11-24,1,7,2,1,9,17
2022-11-23,6,4,0,1,9,18
2022-11-22,6,7,0,1,12,16
2022-11-21,8,5,0,1,12,16
2022-11-20,9,3,3,2,10,16
2022-11-19,7,2,4,5,12,15
2022-11-18,3,6,3,5,11,15
2022-11-17,5,4,1,6,11,15
2022-11-16,5,3,0,6,9,15
2022-11-15,3,3,1,6,8,15
2022-11-14,4,2,2,7,8,15
2022-11-13,6,2,4,5,8,15
2022-11-12,0,4,7,5,4,15
2022-11-11,4,1,6,8,4,15
2022-11-10,2,4,6,8,4,15
2022-11-09,3,5,3,5,4,15
2022-11-08,7,6,4,4,4,15
2022-11-07,3,10,6,6,3,15
2022-11-06,6,5,7,7,3,15
2022-11-05,7,3,6,3,4,14
2022-11-04,2,7,10,3,2,14
2022-11-03,2,10,9,5,2,14
2022-11-02,9,4,4,5,2,14
2022-11-01,6,9,0,5,2,14
2022-10-31,8,12,1,3,1,14
2022-10-30,12,8,3,4,1,14
2022-10-29,13,4,3,5,1,14
2022-10-28,10,4,3,5,1,14
2022-10-27,6,9,2,5,2,13
2022-10-26,11,5,2,4,2,13
2022-10-25,12,4,4,3,2,13
2022-10-24,13,0,4,0,3,13
2022-10-23,4,8,9,3,6,14
2022-10-22,6,4,7,3,6,14
2022-10-21,7,4,6,3,4,14
2022-10-20,5,5,2,5,4,14
2022-10-19,6,11,1,4,3,14
2022-10-18,7,11,2,4,3,14
2022-10-17,10,5,3,3,3,14
2022-10-16,11,3,5,4,2,14
2022-10-15,6,5,4,6,1,14
2022-10-14,4,7,2,5,2,13
2022-10-13,9,5,3,4,2,13
2022-10-12,7,8,4,3,1,13
2022-10-11,11,5,6,4,1,13
2022-10-10,6,4,5,4,1,13
2022-10-09,6,5,5,2,1,13
2022-10-08,3,7,6,1,3,11
2022-10-07,7,7,5,1,3,11
2022-10-06,7,7,3,1,5,11
2022-10-05,10,7,1,0,6,11
2022-10-04,9,7,2,0,6,11
2022-10-03,11,3,3,0,6,11
2022-10-02,11,6,2,1,8,13
2022-10-01,10,3,1,1,7,13
2022-09-30,8,5,1,3,8,13
2022-09-29,8,5,1,3,7,13
2022-09-28,10,3,1,4,7,12
2022-09-27,12,4,2,4,7,12
2022-09-26,10,3,3,8,5,12
2022-09-25,10,3,1,9,5,12
2022-09-24,5,8,3,6,5,13
2022-09-23,7,5,6,6,2,13
2022-09-22,8,6,7,8,2,13
2022-09-21,2,7,5,7,1,13
2022-09-20,7,5,2,6,4,10
2022-09-19,2,12,5,4,4,10
2022-09-18,6,6,6,4,5,10
2022-09-17,9,1,5,4,6,10
2022-09-16,4,4,4,1,6,10
2022-09-15,5,4,5,1,6,10
2022-09-14,3,8,5,0,6,11
2022-09-13,7,6,6,0,6,10
2022-09-12,11,3,1,3,6,10
2022-09-11,8,8,2,3,5,10
2022-09-10,4,7,2,3,5,10
2022-09-09,8,4,2,3,5,10
2022-09-08,4,4,2,3,7,10
2022-09-07,6,2,3,2,7,10
2022-09-06,6,1,5,1,7,10
2022-09-05,5,3,4,1,4,10
2022-09-04,5,5,3,3,3,10
2022-09-03,3,5,2,4,2,10
2022-09-02,7,4,1,5,2,10
2022-09-01,3,6,3,5,2,10
2022-08-31,6,2,3,7,2,10
2022-08-30,3,2,3,9,2,11
2022-08-29,2,4,1,5,1,12
2022-08-28,4,3,6,5,0,12
2022-08-27,4,3,6,3,0,12
2022-08-26,4,4,10,3,0,12
2022-08-25,4,2,6,2,0,12
2022-08-24,3,6,7,2,0,12
2022-08-23,2,6,1,2,0,12
2022-08-22,8,7,1,1,0,12
2022-08-21,4,8,1,2,1,15
2022-08-20,12,1,2,2,2,16
2022-08-19,5,3,3,3,6,20
2022-08-18,5,3,3,2,6,20
2022-08-17,6,6,4,2,6,19
2022-08-16,7,4,7,2,5,19
2022-08-15,7,2,8,4,5,19
2022-08-14,6,5,4,6,5,19
2022-08-13,5,8,2,5,4,19
2022-08-12,6,9,2,6,4,19
2022-08-11,5,7,3,7,6,19
2022-08-10,9,2,3,2,7,18
2022-08-09,5,1,8,1,4,20
2022-08-08,5,4,9,4,5,20
2022-08-07,3,6,9,4,5,20
2022-08-06,7,2,2,3,4,20
2022-08-05,4,12,3,4,5,19
2022-08-04,5,10,3,4,5,18
2022-08-03,12,4,2,5,5,18
2022-08-02,5,5,5,2,5,18
2022-08-01,6,8,4,4,5,17
2022-07-31,5,10,3,5,5,17
2022-07-30,8,6,3,4,4,17
2022-07-29,10,4,1,5,4,18
2022-07-28,7,7,1,5,4,18
2022-07-27,6,8,2,5,4,18
2022-07-26,11,2,2,3,3,18
2022-07-25,5,4,8,4,4,18
2022-07-24,3,5,8,4,4,18
2022-07-23,8,3,4,1,4,18
2022-07-22,5,6,5,2,4,19
2022-07-21,7,7,4,2,3,19
2022-07-20,8,6,4,2,2,19
2022-07-19,8,2,2,2,2,20
2022-07-18,8,8,4,2,4,20
2022-07-17,2,11,4,2,4,20
2022-07-16,12,3,2,4,3,20
2022-07-15,5,6,2,7,2,20
2022-07-14,8,6,1,9,4,18
2022-07-13,6,7,2,7,4,18
2022-07-12,9,4,5,6,4,18
2022-07-11,5,5,6,7,5,19
2022-07-10,5,2,3,4,5,18
2022-07-09,5,6,4,4,6,18
2022-07-08,4,7,5,1,5,18
2022-07-07,6,3,9,2,5,19
2022-07-06,5,3,6,3,7,18
2022-07-05,5,8,4,3,7,18
2022-07-04,7,7,0,3,9,16
2022-07-03,10,7,0,2,9,16
2022-07-02,5,4,1,4,9,16
2022-07-01,8,0,1,1,10,16
2022-06-30,3,3,5,0,9,17
2022-06-29,3,4,6,2,7,17
2022-06-28,9,2,5,5,7,17
2022-06-27,5,8,1,5,7,18
2022-06-26,10,10,1,5,7,17
2022-06-25,5,8,2,8,6,19
2022-06-24,11,4,3,9,6,19
2022-06-23,6,2,2,7,7,21
2022-06-22,6,4,4,6,9,21
2022-06-21,5,3,6,4,8,21
2022-06-20,5,4,7,5,7,21
2022-06-19,6,3,4,5,5,20
2022-06-18,3,5,3,7,5,20
2022-06-17,5,7,3,5,6,19
2022-06-16,6,6,6,5,6,18
2022-06-15,6,3,6,6,5,18
2022-06-14,8,8,4,6,5,18
2022-06-13,8,9,1,5,4,18
2022-06-12,5,11,3,4,5,19
2022-06-11,9,6,5,4,4,20
2022-06-10,9,3,4,5,3,20
2022-06-09,5,6,4,5,4,20
2022-06-08,7,5,1,6,5,19
2022-06-07,5,8,2,7,6,18
2022-06-06,6,8,2,5,7,17
2022-06-05,10,1,3,3,7,17
2022-06-04,5,3,4,3,6,17
2022-06-03,4,4,5,3,7,16
2022-06-02,7,2,5,2,7,15
2022-06-01,6,3,5,4,6,15
2022-05-31,4,11,3,5,6,16
2022-05-30,8,12,2,3,6,16
2022-05-29,13,6,3,3,6,16
2022-05-28,11,4,5,2,6,18
2022-05-27,7,7,5,2,6,19
2022-05-26,10,3,3,1,6,19
2022-05-25,7,5,3,2,5,19
2022-05-24,7,7,3,4,6,17
2022-05-23,7,7,4,3,5,17
2022-05-22,6,3,3,4,4,18
2022-05-21,5,6,4,5,4,18
2022-05-20,4,4,4,5,4,18
2022-05-19,5,2,1,5,3,18
2022-05-18,5,6,0,4,2,18
2022-05-17,2,7,4,4,3,18
2022-05-16,10,1,5,3,3,18
2022-05-15,7,5,8,2,3,18
2022-05-14,2,4,6,3,4,17
2022-05-13,6,7,3,2,5,16
2022-05-12,6,9,4,1,5,15
2022-05-11,11,5,4,1,5,15
2022-05-10,10,5,7,1,5,15
2022-05-09,5,6,3,2,3,16
2022-05-08,9,7,1,5,3,16
2022-05-07,5,10,0,5,4,16
2022-05-06,11,3,0,5,8,13
2022-05-05,8,4,1,4,10,13
2022-05-04,8,2,3,5,10,13
2022-05-03,8,2,3,7,8,13
2022-05-02,4,5,3,6,8,13
2022-05-01,4,6,4,6,9,12
2022-04-30,6,5,5,6,9,12
2022-04-29,7,2,4,5,10,10
2022-04-28,5,4,2,6,9,11
2022-04-27,7,7,2,4,9,10
2022-04-26,6,7,8,3,9,10
2022-04-25,9,3,7,3,9,10
2022-04-24,5,8,7,4,9,10
2022-04-23,4,6,4,3,9,10
2022-04-22,7,7,3,2,9,10
2022-04-21,4,10,5,1,6,10
2022-04-20,10,5,4,3,5,10
2022-04-19,8,4,4,7,4,10
2022-04-18,7,8,2,8,4,10
2022-04-17,7,9,2,9,4,10
2022-04-16,15,4,1,9,3,10
2022-04-15,10,2,0,10,3,11
2022-04-14,5,7,1,6,1,12
2022-04-13,7,7,7,5,3,11
2022-04-12,11,3,9,4,1,11
2022-04-11,7,9,12,6,1,11
2022-04-10,5,8,7,6,1,11
2022-04-09,8,9,2,4,1,11
2022-04-08,7,12,3,4,1,11
2022-04-07,14,8,3,2,1,11
2022-04-06,12,4,7,3,2,13
2022-04-05,10,6,3,0,2,15
2022-04-04,2,15,9,0,2,15
2022-04-03,11,6,5,0,2,15
2022-04-02,9,9,4,0,2,16
2022-04-01,5,12,0,0,2,15
2022-03-31,13,8,0,1,3,14
2022-03-30,9,9,2,4,3,14
2022-03-29,12,2,1,4,4,13
2022-03-28,4,8,1,5,4,15
2022-03-27,4,7,1,6,4,15
2022-03-26,7,2,1,4,5,14
2022-03-25,5,0,2,4,6,14
2022-03-24,4,2,3,3,7,14
2022-03-23,5,1,4,3,7,14
2022-03-22,3,0,2,2,6,14
2022-03-21,2,3,2,2,6,14
2022-03-20,1,9,2,2,6,14
2022-03-19,5,6,2,1,6,14
2022-03-18,10,1,3,1,6,14
2022-03-17,6,2,1,1,5,14
2022-03-16,6,5,2,3,3,14
2022-03-15,4,2,1,4,3,15
2022-03-14,2,3,2,6,2,15
2022-03-13,1,7,2,7,4,13
2022-03-12,4,5,2,7,4,13
2022-03-11,4,1,2,6,3,13
2022-03-10,4,2,1,5,5,11
2022-03-09,3,4,3,3,7,10
2022-03-08,3,2,5,3,8,10
2022-03-07,3,1,6,2,7,10
2022-03-06,2,3,4,2,6,10
2022-03-05,2,5,3,3,6,10
2022-03-04,2,8,3,2,6,10
2022-03-03,7,5,3,3,6,10
2022-03-02,12,2,2,4,7,10
2022-03-01,4,6,2,5,6,12
2022-02-28,1,8,1,4,6,12
2022-02-27,8,4,3,4,6,13
2022-02-26,5,6,5,3,5,12
2022-02-25,5,5,6,5,6,12
2022-02-24,4,5,9,5,6,12
2022-02-23,4,4,7,4,5,11
2022-02-22,4,6,4,6,5,10
2022-02-21,3,9,2,7,5,10
2022-02-20,6,9,3,7,5,10
2022-02-19,7,5,2,5,5,10
2022-02-18,10,4,4,5,6,10
2022-02-17,7,6,5,6,6,11
2022-02-16,7,6,5,4,7,11
2022-02-15,7,3,5,2,8,11
2022-02-14,5,5,5,2,7,11
2022-02-13,3,7,5,3,8,11
2022-02-12,3,5,2,2,7,11
2022-02-11,4,4,2,2,8,9
2022-02-10,4,6,4,3,8,9
2022-02-09,8,4,3,3,8,9
2022-02-08,7,4,2,3,7,9
2022-02-07,6,3,0,6,6,9
2022-02-06,6,6,1,7,6,9
2022-02-05,7,4,4,4,6,9
2022-02-04,3,3,10,3,7,8
2022-02-03,3,3,8,4,8,7
2022-02-02,3,8,4,4,8,7
2022-02-01,4,10,2,3,7,7
2022-01-31,6,9,2,2,6,7
2022-01-30,8,6,5,3,5,7
2022-01-29,11,2,3,4,6,7
2022-01-28,10,2,4,3,7,7
2022-01-27,2,6,4,4,2,7
2022-01-26,3,6,3,10,3,6
2022-01-25,6,6,1,9,3,6
2022-01-24,5,8,1,8,3,6
2022-01-23,8,6,2,7,3,7
2022-01-22,7,6,3,8,3,7
2022-01-21,8,3,3,7,3,7
2022-01-20,6,3,5,1,2,7
2022-01-19,3,5,11,2,1,7
2022-01-18,7,2,10,3,1,7
2022-01-17,6,5,7,3,1,7
2022-01-16,6,8,1,3,1,7
2022-01-15,6,12,0,3,1,7
2022-01-14,8,10,0,2,1,7
2022-01-13,13,3,1,2,1,7
2022-01-12,12,3,5,4,2,7
2022-01-11,10,2,8,6,2,7
2022-01-10,4,6,8,8,3,8
2022-01-09,5,6,4,7,3,8
2022-01-08,7,7,2,7,2,8
2022-01-07,7,10,1,5,2,8
2022-01-06,10,6,4,4,2,8
2022-01-05,12,3,4,4,2,9
2022-01-04,8,3,6,1,1,10
2022-01-03,4,3,6,2,2,10
2022-01-02,6,5,5,2,2,11
2022-01-01,3,4,3,2,3,11
2021-12-31,4,5,1,2,3,11
2021-12-30,4,6,1,3,2,11
2021-12-29,4,4,1,3,2,11
2021-12-28,10,1,1,2,2,11
2021-12-27,3,4,4,3,2,11
2021-12-26,3,3,4,2,2,11
2021-12-25,6,0,3,2,4,9
2021-12-24,2,3,2,1,3,9
2021-12-23,2,5,3,2,3,9
2021-12-22,4,2,4,2,3,9
2021-12-21,4,1,3,2,5,9
2021-12-20,5,2,2,2,4,9
2021-12-19,3,2,0,4,4,9
2021-12-18,3,4,0,5,5,8
2021-12-17,2,3,0,2,4,8
2021-12-16,4,1,3,3,5,7
2021-12-15,4,0,3,2,5,7
2021-12-14,1,2,4,3,4,7
2021-12-13,1,1,1,3,4,7
2021-12-12,2,3,3,3,4,8
2021-12-11,0,4,2,3,4,8
2021-12-10,4,1,2,2,2,8
2021-12-09,3,2,1,4,2,8
2021-12-08,3,4,1,3,3,7
2021-12-07,8,2,2,2,3,7
2021-12-06,6,3,3,3,3,7
2021-12-05,5,5,3,3,3,7
2021-12-04,9,1,2,3,3,7
2021-12-03,6,2,1,1,2,7
2021-12-02,1,6,4,1,4,5
2021-12-01,4,4,4,1,3,5
2021-11-30,6,2,4,3,3,5
2021-11-29,4,2,2,3,3,5
2021-11-28,2,7,2,3,3,5
2021-11-27,3,7,2,2,3,5
2021-11-26,7,3,4,1,3,5
2021-11-25,3,2,5,1,4,5
2021-11-24,4,3,4,0,4,5
2021-11-23,3,4,4,0,3,5
2021-11-22,3,8,1,1,3,5
2021-11-21,7,9,1,1,3,5
2021-11-20,7,5,1,1,3,5
2021-11-19,8,5,1,1,3,5
2021-11-18,6,5,1,1,3,5
2021-11-17,11,1,1,1,1,5
2021-11-16,8,2,1,2,1,5
2021-11-15,4,6,1,3,1,6
2021-11-14,4,6,1,3,1,6
2021-11-13,6,2,1,3,2,5
2021-11-12,4,2,0,3,2,5
2021-11-11,5,3,1,4,2,6
2021-11-10,5,1,2,2,2,6
2021-11-09,5,1,2,1,2,6
2021-11-08,3,6,4,1,2,6
2021-10-25,0,0,0,0,0,0
