created:{param:relative-date},>1|today,3..1|last 3 days,7..4|last week,14..8|last 2 weeks,30..15|last month,<30|more than a month
2018-06-10,4,20,16,29,23,35
2018-06-09,3,16,17,31,25,32
2018-06-08,8,25,15,31,24,33
2018-06-07,7,26,19,27,23,32
2018-06-06,9,20,24,26,22,31
2018-06-05,9,17,32,20,22,31
2018-06-04,5,19,31,19,22,30
2018-06-03,6,29,24,18,24,33
2018-06-02,9,26,25,22,21,35
2018-06-01,7,35,19,22,21,36
2018-05-31,9,36,19,23,19,36
2018-05-30,12,35,18,22,21,32
2018-05-29,15,22,18,26,19,31
2018-05-28,8,16,18,24,21,29
2018-05-27,6,19,15,24,25,30
2018-05-26,7,19,18,20,26,27
2018-05-25,9,26,17,17,27,28
2018-05-24,8,18,19,18,25,27
2018-05-23,7,28,19,17,25,25
2018-05-22,14,31,24,16,24,24
2018-05-21,13,26,22,17,26,25
2018-05-20,7,30,18,17,28,27
2018-05-19,8,37,18,17,26,26
2018-05-18,11,30,15,19,28,26
2018-05-17,11,26,20,19,27,26
2018-05-16,15,29,28,17,27,28
2018-05-15,8,24,28,16,27,29
2018-05-14,17,22,28,22,26,29
2018-05-13,7,32,17,23,27,31
2018-05-12,7,39,19,22,28,30
2018-05-11,9,37,10,26,30,28
2018-05-10,12,34,13,31,26,29
2018-05-09,13,23,15,30,27,29
2018-05-08,14,18,15,29,28,30
2018-05-07,7,15,23,24,29,28
2018-05-06,6,18,23,24,30,26
2018-05-05,4,22,20,24,28,25
2018-05-04,5,23,21,23,27,25
2018-05-03,13,29,21,18,26,25
2018-05-02,7,26,19,17,27,25
2018-05-01,9,23,18,17,29,25
2018-04-30,12,20,17,19,28,26
2018-04-29,3,21,15,20,27,30
2018-04-28,6,23,16,18,28,28
2018-04-27,12,23,18,17,30,28
2018-04-26,6,20,20,18,35,27
2018-04-25,9,17,19,20,34,26
2018-04-24,4,17,21,24,29,27
2018-04-23,6,25,15,32,31,28
2018-04-22,2,27,16,29,32,32
2018-04-21,6,25,16,31,32,31
2018-04-20,19,22,16,33,27,31
2018-04-19,4,21,19,29,29,29
2018-04-18,8,21,20,29,30,27
2018-04-17,15,19,27,26,29,26
2018-04-16,4,23,28,26,34,25
2018-04-15,2,27,23,28,33,28
2018-04-14,5,27,23,28,32,27
2018-04-13,8,41,18,26,33,27
2018-04-12,8,37,16,29,36,23
2018-04-11,12,33,26,26,39,22
2018-04-10,12,17,32,24,36,22
2018-04-09,2,16,26,32,32,21
2018-04-08,7,23,24,33,28,21
2018-04-07,5,33,18,33,25,23
2018-04-06,11,33,20,31,29,23
2018-04-05,8,25,22,33,30,21
2018-04-04,13,34,27,33,32,24
2018-04-03,16,26,27,31,28,27
2018-04-02,8,28,24,28,28,25
2018-04-01,9,25,26,25,27,25
2018-03-31,6,29,28,20,27,24
2018-03-30,15,22,25,21,27,23
2018-03-29,10,31,22,20,24,22
2018-03-28,14,36,20,22,25,20
2018-03-27,11,34,21,23,23,18
2018-03-26,6,28,24,25,23,18
2018-03-25,8,27,22,24,23,20
2018-03-24,9,32,29,26,21,20
2018-03-23,9,32,26,28,25,20
2018-03-22,11,42,30,25,28,19
2018-03-21,6,35,33,22,28,18
2018-03-20,13,30,29,18,27,17
2018-03-19,14,30,26,20,31,18
2018-03-18,6,37,21,16,33,16
2018-03-17,8,33,22,17,29,16
2018-03-16,10,31,19,16,28,17
2018-03-15,9,31,23,16,27,19
2018-03-14,6,35,27,18,25,19
2018-03-13,7,24,26,18,28,16
2018-03-12,6,28,19,25,29,15
2018-03-11,7,29,15,28,28,16
2018-03-10,9,29,15,24,28,15
2018-03-09,11,20,14,26,26,16
